applied_profile,category,cleanup_status,context_signal_summary,cpu_limit_m,cpu_request_m,cpu_request_to_peak_ratio,dataset_size_hint_gb,environment_id,error_message,excluded_from_comparative_summary,exclusion_reason,exit_code,exit_reason,expected_acceptable_profiles,expected_pressure_type,expected_recommender_profiles,git_commit,input_intent,kubernetes_evidence,memory_limit_mi,memory_request_mi,memory_request_to_peak_ratio,method,missing_peak_cpu,missing_peak_memory,missing_pending_time,missing_restart_count,oom_killed,peak_cpu_m,peak_memory_mi,pod_pending_duration_seconds,policy_warnings,profile_delta,random_seed,recommendation_outcome,recommendation_reasons,recommended_profile,repeat_index,resource_measurement_source,restart_or_respawn_count,run_id,schema_version,success,supporting_log_paths,time_to_success_seconds,timeout,timestamp,workload_id,workload_runtime_seconds
medium,conflicting_signal,completed,"{""dataset_size_signal_used"":false,""detected_terms"":[],""hint_count"":0,""raw_context_available"":false,""raw_context_stored"":false}",1000,500,,0.51,local-benchmark-orbstack-no-metrics,,False,,0,Completed,"[""medium"",""large""]",conflicting_intent_context,"[""large""]",fea62042374075e0abc724d2dfcd7752cb3bf865,Train a model if the data turns out to be useful.,{},953,732,36.6,static_manual,True,False,True,False,False,,20,,[],0,202607195101,acceptable,"[""static/manual deterministic policy selected the smallest approved acceptable profile""]",,0,python_resource_getrusage,0,20260719T140431Z-matrix-aed48949-static_manual-boundary_above_0_5_conflicting-r00,1.0.0,True,"[""experiments/raw/20260719T140431Z-matrix-aed48949/20260719T140431Z-matrix-aed48949-static_manual-boundary_above_0_5_conflicting-r00/boundary_above_0_5_conflicting/workload_stdout.jsonl"",""experiments/raw/20260719T140431Z-matrix-aed48949/20260719T140431Z-matrix-aed48949-static_manual-boundary_above_0_5_conflicting-r00/boundary_above_0_5_conflicting/workload_stderr.txt""]",0.050551,False,2026-07-19T14:05:23Z,boundary_above_0_5_conflicting,0.050551
medium,conflicting_signal,completed,"{""dataset_size_signal_used"":false,""detected_terms"":[],""hint_count"":0,""raw_context_available"":false,""raw_context_stored"":false}",1000,500,,0.51,local-benchmark-orbstack-no-metrics,,False,,0,Completed,"[""medium"",""large""]",conflicting_intent_context,"[""large""]",fea62042374075e0abc724d2dfcd7752cb3bf865,Train a model if the data turns out to be useful.,{},953,732,34.857143,static_manual,True,False,True,False,False,,21,,[],0,202607195102,acceptable,"[""static/manual deterministic policy selected the smallest approved acceptable profile""]",,1,python_resource_getrusage,0,20260719T140431Z-matrix-aed48949-static_manual-boundary_above_0_5_conflicting-r01,1.0.0,True,"[""experiments/raw/20260719T140431Z-matrix-aed48949/20260719T140431Z-matrix-aed48949-static_manual-boundary_above_0_5_conflicting-r01/boundary_above_0_5_conflicting/workload_stdout.jsonl"",""experiments/raw/20260719T140431Z-matrix-aed48949/20260719T140431Z-matrix-aed48949-static_manual-boundary_above_0_5_conflicting-r01/boundary_above_0_5_conflicting/workload_stderr.txt""]",0.050068,False,2026-07-19T14:05:23Z,boundary_above_0_5_conflicting,0.050068
medium,conflicting_signal,completed,"{""dataset_size_signal_used"":false,""detected_terms"":[],""hint_count"":0,""raw_context_available"":false,""raw_context_stored"":false}",1000,500,,0.51,local-benchmark-orbstack-no-metrics,,False,,0,Completed,"[""medium"",""large""]",conflicting_intent_context,"[""large""]",fea62042374075e0abc724d2dfcd7752cb3bf865,Train a model if the data turns out to be useful.,{},953,732,34.857143,static_manual,True,False,True,False,False,,21,,[],0,202607195103,acceptable,"[""static/manual deterministic policy selected the smallest approved acceptable profile""]",,2,python_resource_getrusage,0,20260719T140431Z-matrix-aed48949-static_manual-boundary_above_0_5_conflicting-r02,1.0.0,True,"[""experiments/raw/20260719T140431Z-matrix-aed48949/20260719T140431Z-matrix-aed48949-static_manual-boundary_above_0_5_conflicting-r02/boundary_above_0_5_conflicting/workload_stdout.jsonl"",""experiments/raw/20260719T140431Z-matrix-aed48949/20260719T140431Z-matrix-aed48949-static_manual-boundary_above_0_5_conflicting-r02/boundary_above_0_5_conflicting/workload_stderr.txt""]",0.051082,False,2026-07-19T14:05:23Z,boundary_above_0_5_conflicting,0.051082
medium,conflicting_signal,completed,"{""dataset_size_signal_used"":false,""detected_terms"":[],""hint_count"":0,""raw_context_available"":false,""raw_context_stored"":false}",1000,500,,0.51,local-benchmark-orbstack-no-metrics,,False,,0,Completed,"[""medium"",""large""]",conflicting_intent_context,"[""large""]",fea62042374075e0abc724d2dfcd7752cb3bf865,Train a model if the data turns out to be useful.,{},953,732,36.6,static_manual,True,False,True,False,False,,20,,[],0,202607195104,acceptable,"[""static/manual deterministic policy selected the smallest approved acceptable profile""]",,3,python_resource_getrusage,0,20260719T140431Z-matrix-aed48949-static_manual-boundary_above_0_5_conflicting-r03,1.0.0,True,"[""experiments/raw/20260719T140431Z-matrix-aed48949/20260719T140431Z-matrix-aed48949-static_manual-boundary_above_0_5_conflicting-r03/boundary_above_0_5_conflicting/workload_stdout.jsonl"",""experiments/raw/20260719T140431Z-matrix-aed48949/20260719T140431Z-matrix-aed48949-static_manual-boundary_above_0_5_conflicting-r03/boundary_above_0_5_conflicting/workload_stderr.txt""]",0.050625,False,2026-07-19T14:05:23Z,boundary_above_0_5_conflicting,0.050625
medium,conflicting_signal,completed,"{""dataset_size_signal_used"":false,""detected_terms"":[],""hint_count"":0,""raw_context_available"":false,""raw_context_stored"":false}",1000,500,,0.51,local-benchmark-orbstack-no-metrics,,False,,0,Completed,"[""medium"",""large""]",conflicting_intent_context,"[""large""]",fea62042374075e0abc724d2dfcd7752cb3bf865,Train a model if the data turns out to be useful.,{},953,732,36.6,static_manual,True,False,True,False,False,,20,,[],0,202607195105,acceptable,"[""static/manual deterministic policy selected the smallest approved acceptable profile""]",,4,python_resource_getrusage,0,20260719T140431Z-matrix-aed48949-static_manual-boundary_above_0_5_conflicting-r04,1.0.0,True,"[""experiments/raw/20260719T140431Z-matrix-aed48949/20260719T140431Z-matrix-aed48949-static_manual-boundary_above_0_5_conflicting-r04/boundary_above_0_5_conflicting/workload_stdout.jsonl"",""experiments/raw/20260719T140431Z-matrix-aed48949/20260719T140431Z-matrix-aed48949-static_manual-boundary_above_0_5_conflicting-r04/boundary_above_0_5_conflicting/workload_stderr.txt""]",0.050224,False,2026-07-19T14:05:23Z,boundary_above_0_5_conflicting,0.050224
medium,conflicting_signal,completed,"{""dataset_size_signal_used"":false,""detected_terms"":[],""hint_count"":0,""raw_context_available"":false,""raw_context_stored"":false}",1000,500,,0.51,local-benchmark-orbstack-no-metrics,,False,,0,Completed,"[""medium"",""large""]",conflicting_intent_context,"[""large""]",fea62042374075e0abc724d2dfcd7752cb3bf865,Train a model if the data turns out to be useful.,{},953,732,36.6,intent_only,True,False,True,False,False,,20,,[],0,202607195101,acceptable,"[""training/modeling context detected: train, model""]",medium,0,python_resource_getrusage,0,20260719T140431Z-matrix-aed48949-intent_only-boundary_above_0_5_conflicting-r00,1.0.0,True,"[""experiments/raw/20260719T140431Z-matrix-aed48949/20260719T140431Z-matrix-aed48949-intent_only-boundary_above_0_5_conflicting-r00/boundary_above_0_5_conflicting/workload_stdout.jsonl"",""experiments/raw/20260719T140431Z-matrix-aed48949/20260719T140431Z-matrix-aed48949-intent_only-boundary_above_0_5_conflicting-r00/boundary_above_0_5_conflicting/workload_stderr.txt""]",0.050582,False,2026-07-19T14:05:23Z,boundary_above_0_5_conflicting,0.050582
medium,conflicting_signal,completed,"{""dataset_size_signal_used"":false,""detected_terms"":[],""hint_count"":0,""raw_context_available"":false,""raw_context_stored"":false}",1000,500,,0.51,local-benchmark-orbstack-no-metrics,,False,,0,Completed,"[""medium"",""large""]",conflicting_intent_context,"[""large""]",fea62042374075e0abc724d2dfcd7752cb3bf865,Train a model if the data turns out to be useful.,{},953,732,36.6,intent_only,True,False,True,False,False,,20,,[],0,202607195102,acceptable,"[""training/modeling context detected: train, model""]",medium,1,python_resource_getrusage,0,20260719T140431Z-matrix-aed48949-intent_only-boundary_above_0_5_conflicting-r01,1.0.0,True,"[""experiments/raw/20260719T140431Z-matrix-aed48949/20260719T140431Z-matrix-aed48949-intent_only-boundary_above_0_5_conflicting-r01/boundary_above_0_5_conflicting/workload_stdout.jsonl"",""experiments/raw/20260719T140431Z-matrix-aed48949/20260719T140431Z-matrix-aed48949-intent_only-boundary_above_0_5_conflicting-r01/boundary_above_0_5_conflicting/workload_stderr.txt""]",0.050859,False,2026-07-19T14:05:23Z,boundary_above_0_5_conflicting,0.050859
medium,conflicting_signal,completed,"{""dataset_size_signal_used"":false,""detected_terms"":[],""hint_count"":0,""raw_context_available"":false,""raw_context_stored"":false}",1000,500,,0.51,local-benchmark-orbstack-no-metrics,,False,,0,Completed,"[""medium"",""large""]",conflicting_intent_context,"[""large""]",fea62042374075e0abc724d2dfcd7752cb3bf865,Train a model if the data turns out to be useful.,{},953,732,34.857143,intent_only,True,False,True,False,False,,21,,[],0,202607195103,acceptable,"[""training/modeling context detected: train, model""]",medium,2,python_resource_getrusage,0,20260719T140431Z-matrix-aed48949-intent_only-boundary_above_0_5_conflicting-r02,1.0.0,True,"[""experiments/raw/20260719T140431Z-matrix-aed48949/20260719T140431Z-matrix-aed48949-intent_only-boundary_above_0_5_conflicting-r02/boundary_above_0_5_conflicting/workload_stdout.jsonl"",""experiments/raw/20260719T140431Z-matrix-aed48949/20260719T140431Z-matrix-aed48949-intent_only-boundary_above_0_5_conflicting-r02/boundary_above_0_5_conflicting/workload_stderr.txt""]",0.050816,False,2026-07-19T14:05:23Z,boundary_above_0_5_conflicting,0.050816
medium,conflicting_signal,completed,"{""dataset_size_signal_used"":false,""detected_terms"":[],""hint_count"":0,""raw_context_available"":false,""raw_context_stored"":false}",1000,500,,0.51,local-benchmark-orbstack-no-metrics,,False,,0,Completed,"[""medium"",""large""]",conflicting_intent_context,"[""large""]",fea62042374075e0abc724d2dfcd7752cb3bf865,Train a model if the data turns out to be useful.,{},953,732,36.6,intent_only,True,False,True,False,False,,20,,[],0,202607195104,acceptable,"[""training/modeling context detected: train, model""]",medium,3,python_resource_getrusage,0,20260719T140431Z-matrix-aed48949-intent_only-boundary_above_0_5_conflicting-r03,1.0.0,True,"[""experiments/raw/20260719T140431Z-matrix-aed48949/20260719T140431Z-matrix-aed48949-intent_only-boundary_above_0_5_conflicting-r03/boundary_above_0_5_conflicting/workload_stdout.jsonl"",""experiments/raw/20260719T140431Z-matrix-aed48949/20260719T140431Z-matrix-aed48949-intent_only-boundary_above_0_5_conflicting-r03/boundary_above_0_5_conflicting/workload_stderr.txt""]",0.050275,False,2026-07-19T14:05:23Z,boundary_above_0_5_conflicting,0.050275
medium,conflicting_signal,completed,"{""dataset_size_signal_used"":false,""detected_terms"":[],""hint_count"":0,""raw_context_available"":false,""raw_context_stored"":false}",1000,500,,0.51,local-benchmark-orbstack-no-metrics,,False,,0,Completed,"[""medium"",""large""]",conflicting_intent_context,"[""large""]",fea62042374075e0abc724d2dfcd7752cb3bf865,Train a model if the data turns out to be useful.,{},953,732,36.6,intent_only,True,False,True,False,False,,20,,[],0,202607195105,acceptable,"[""training/modeling context detected: train, model""]",medium,4,python_resource_getrusage,0,20260719T140431Z-matrix-aed48949-intent_only-boundary_above_0_5_conflicting-r04,1.0.0,True,"[""experiments/raw/20260719T140431Z-matrix-aed48949/20260719T140431Z-matrix-aed48949-intent_only-boundary_above_0_5_conflicting-r04/boundary_above_0_5_conflicting/workload_stdout.jsonl"",""experiments/raw/20260719T140431Z-matrix-aed48949/20260719T140431Z-matrix-aed48949-intent_only-boundary_above_0_5_conflicting-r04/boundary_above_0_5_conflicting/workload_stderr.txt""]",0.078712,False,2026-07-19T14:05:24Z,boundary_above_0_5_conflicting,0.078712
large,conflicting_signal,completed,"{""dataset_size_signal_used"":true,""detected_terms"":[""model""],""hint_count"":2,""raw_context_available"":true,""raw_context_stored"":false}",2000,1500,,0.51,local-benchmark-orbstack-no-metrics,,False,,0,Completed,"[""medium"",""large""]",conflicting_intent_context,"[""large""]",fea62042374075e0abc724d2dfcd7752cb3bf865,Train a model if the data turns out to be useful.,{},1907,1464,69.714286,context_aware,True,False,True,False,False,,21,,[],0,202607195101,acceptable,"[""dataset size >= 0.5GB"",""training/modeling context detected: train, model""]",large,0,python_resource_getrusage,0,20260719T140431Z-matrix-aed48949-context_aware-boundary_above_0_5_conflicting-r00,1.0.0,True,"[""experiments/raw/20260719T140431Z-matrix-aed48949/20260719T140431Z-matrix-aed48949-context_aware-boundary_above_0_5_conflicting-r00/boundary_above_0_5_conflicting/workload_stdout.jsonl"",""experiments/raw/20260719T140431Z-matrix-aed48949/20260719T140431Z-matrix-aed48949-context_aware-boundary_above_0_5_conflicting-r00/boundary_above_0_5_conflicting/workload_stderr.txt""]",0.051521,False,2026-07-19T14:05:24Z,boundary_above_0_5_conflicting,0.051521
large,conflicting_signal,completed,"{""dataset_size_signal_used"":true,""detected_terms"":[""model""],""hint_count"":2,""raw_context_available"":true,""raw_context_stored"":false}",2000,1500,,0.51,local-benchmark-orbstack-no-metrics,,False,,0,Completed,"[""medium"",""large""]",conflicting_intent_context,"[""large""]",fea62042374075e0abc724d2dfcd7752cb3bf865,Train a model if the data turns out to be useful.,{},1907,1464,73.2,context_aware,True,False,True,False,False,,20,,[],0,202607195102,acceptable,"[""dataset size >= 0.5GB"",""training/modeling context detected: train, model""]",large,1,python_resource_getrusage,0,20260719T140431Z-matrix-aed48949-context_aware-boundary_above_0_5_conflicting-r01,1.0.0,True,"[""experiments/raw/20260719T140431Z-matrix-aed48949/20260719T140431Z-matrix-aed48949-context_aware-boundary_above_0_5_conflicting-r01/boundary_above_0_5_conflicting/workload_stdout.jsonl"",""experiments/raw/20260719T140431Z-matrix-aed48949/20260719T140431Z-matrix-aed48949-context_aware-boundary_above_0_5_conflicting-r01/boundary_above_0_5_conflicting/workload_stderr.txt""]",0.049915,False,2026-07-19T14:05:24Z,boundary_above_0_5_conflicting,0.049915
large,conflicting_signal,completed,"{""dataset_size_signal_used"":true,""detected_terms"":[""model""],""hint_count"":2,""raw_context_available"":true,""raw_context_stored"":false}",2000,1500,,0.51,local-benchmark-orbstack-no-metrics,,False,,0,Completed,"[""medium"",""large""]",conflicting_intent_context,"[""large""]",fea62042374075e0abc724d2dfcd7752cb3bf865,Train a model if the data turns out to be useful.,{},1907,1464,73.2,context_aware,True,False,True,False,False,,20,,[],0,202607195103,acceptable,"[""dataset size >= 0.5GB"",""training/modeling context detected: train, model""]",large,2,python_resource_getrusage,0,20260719T140431Z-matrix-aed48949-context_aware-boundary_above_0_5_conflicting-r02,1.0.0,True,"[""experiments/raw/20260719T140431Z-matrix-aed48949/20260719T140431Z-matrix-aed48949-context_aware-boundary_above_0_5_conflicting-r02/boundary_above_0_5_conflicting/workload_stdout.jsonl"",""experiments/raw/20260719T140431Z-matrix-aed48949/20260719T140431Z-matrix-aed48949-context_aware-boundary_above_0_5_conflicting-r02/boundary_above_0_5_conflicting/workload_stderr.txt""]",0.050639,False,2026-07-19T14:05:24Z,boundary_above_0_5_conflicting,0.050639
large,conflicting_signal,completed,"{""dataset_size_signal_used"":true,""detected_terms"":[""model""],""hint_count"":2,""raw_context_available"":true,""raw_context_stored"":false}",2000,1500,,0.51,local-benchmark-orbstack-no-metrics,,False,,0,Completed,"[""medium"",""large""]",conflicting_intent_context,"[""large""]",fea62042374075e0abc724d2dfcd7752cb3bf865,Train a model if the data turns out to be useful.,{},1907,1464,73.2,context_aware,True,False,True,False,False,,20,,[],0,202607195104,acceptable,"[""dataset size >= 0.5GB"",""training/modeling context detected: train, model""]",large,3,python_resource_getrusage,0,20260719T140431Z-matrix-aed48949-context_aware-boundary_above_0_5_conflicting-r03,1.0.0,True,"[""experiments/raw/20260719T140431Z-matrix-aed48949/20260719T140431Z-matrix-aed48949-context_aware-boundary_above_0_5_conflicting-r03/boundary_above_0_5_conflicting/workload_stdout.jsonl"",""experiments/raw/20260719T140431Z-matrix-aed48949/20260719T140431Z-matrix-aed48949-context_aware-boundary_above_0_5_conflicting-r03/boundary_above_0_5_conflicting/workload_stderr.txt""]",0.051241,False,2026-07-19T14:05:24Z,boundary_above_0_5_conflicting,0.051241
large,conflicting_signal,completed,"{""dataset_size_signal_used"":true,""detected_terms"":[""model""],""hint_count"":2,""raw_context_available"":true,""raw_context_stored"":false}",2000,1500,,0.51,local-benchmark-orbstack-no-metrics,,False,,0,Completed,"[""medium"",""large""]",conflicting_intent_context,"[""large""]",fea62042374075e0abc724d2dfcd7752cb3bf865,Train a model if the data turns out to be useful.,{},1907,1464,69.714286,context_aware,True,False,True,False,False,,21,,[],0,202607195105,acceptable,"[""dataset size >= 0.5GB"",""training/modeling context detected: train, model""]",large,4,python_resource_getrusage,0,20260719T140431Z-matrix-aed48949-context_aware-boundary_above_0_5_conflicting-r04,1.0.0,True,"[""experiments/raw/20260719T140431Z-matrix-aed48949/20260719T140431Z-matrix-aed48949-context_aware-boundary_above_0_5_conflicting-r04/boundary_above_0_5_conflicting/workload_stdout.jsonl"",""experiments/raw/20260719T140431Z-matrix-aed48949/20260719T140431Z-matrix-aed48949-context_aware-boundary_above_0_5_conflicting-r04/boundary_above_0_5_conflicting/workload_stderr.txt""]",0.050492,False,2026-07-19T14:05:24Z,boundary_above_0_5_conflicting,0.050492
small,boundary,completed,"{""dataset_size_signal_used"":false,""detected_terms"":[],""hint_count"":0,""raw_context_available"":false,""raw_context_stored"":false}",500,100,,0.49,local-benchmark-orbstack-no-metrics,,False,,0,Completed,"[""small"",""medium""]",boundary_low_signal,"[""small""]",fea62042374075e0abc724d2dfcd7752cb3bf865,Maybe inspect something briefly; I am not sure yet.,{},366,244,11.090909,static_manual,True,False,True,False,False,,22,,[],0,202607194101,acceptable,"[""static/manual deterministic policy selected the smallest approved acceptable profile""]",,0,python_resource_getrusage,0,20260719T140431Z-matrix-aed48949-static_manual-boundary_below_0_5_ambiguous-r00,1.0.0,True,"[""experiments/raw/20260719T140431Z-matrix-aed48949/20260719T140431Z-matrix-aed48949-static_manual-boundary_below_0_5_ambiguous-r00/boundary_below_0_5_ambiguous/workload_stdout.jsonl"",""experiments/raw/20260719T140431Z-matrix-aed48949/20260719T140431Z-matrix-aed48949-static_manual-boundary_below_0_5_ambiguous-r00/boundary_below_0_5_ambiguous/workload_stderr.txt""]",0.001763,False,2026-07-19T14:05:22Z,boundary_below_0_5_ambiguous,0.001763
small,boundary,completed,"{""dataset_size_signal_used"":false,""detected_terms"":[],""hint_count"":0,""raw_context_available"":false,""raw_context_stored"":false}",500,100,,0.49,local-benchmark-orbstack-no-metrics,,False,,0,Completed,"[""small"",""medium""]",boundary_low_signal,"[""small""]",fea62042374075e0abc724d2dfcd7752cb3bf865,Maybe inspect something briefly; I am not sure yet.,{},366,244,11.619048,static_manual,True,False,True,False,False,,21,,[],0,202607194102,acceptable,"[""static/manual deterministic policy selected the smallest approved acceptable profile""]",,1,python_resource_getrusage,0,20260719T140431Z-matrix-aed48949-static_manual-boundary_below_0_5_ambiguous-r01,1.0.0,True,"[""experiments/raw/20260719T140431Z-matrix-aed48949/20260719T140431Z-matrix-aed48949-static_manual-boundary_below_0_5_ambiguous-r01/boundary_below_0_5_ambiguous/workload_stdout.jsonl"",""experiments/raw/20260719T140431Z-matrix-aed48949/20260719T140431Z-matrix-aed48949-static_manual-boundary_below_0_5_ambiguous-r01/boundary_below_0_5_ambiguous/workload_stderr.txt""]",0.00178,False,2026-07-19T14:05:22Z,boundary_below_0_5_ambiguous,0.00178
small,boundary,completed,"{""dataset_size_signal_used"":false,""detected_terms"":[],""hint_count"":0,""raw_context_available"":false,""raw_context_stored"":false}",500,100,,0.49,local-benchmark-orbstack-no-metrics,,False,,0,Completed,"[""small"",""medium""]",boundary_low_signal,"[""small""]",fea62042374075e0abc724d2dfcd7752cb3bf865,Maybe inspect something briefly; I am not sure yet.,{},366,244,11.619048,static_manual,True,False,True,False,False,,21,,[],0,202607194103,acceptable,"[""static/manual deterministic policy selected the smallest approved acceptable profile""]",,2,python_resource_getrusage,0,20260719T140431Z-matrix-aed48949-static_manual-boundary_below_0_5_ambiguous-r02,1.0.0,True,"[""experiments/raw/20260719T140431Z-matrix-aed48949/20260719T140431Z-matrix-aed48949-static_manual-boundary_below_0_5_ambiguous-r02/boundary_below_0_5_ambiguous/workload_stdout.jsonl"",""experiments/raw/20260719T140431Z-matrix-aed48949/20260719T140431Z-matrix-aed48949-static_manual-boundary_below_0_5_ambiguous-r02/boundary_below_0_5_ambiguous/workload_stderr.txt""]",0.002168,False,2026-07-19T14:05:22Z,boundary_below_0_5_ambiguous,0.002168
small,boundary,completed,"{""dataset_size_signal_used"":false,""detected_terms"":[],""hint_count"":0,""raw_context_available"":false,""raw_context_stored"":false}",500,100,,0.49,local-benchmark-orbstack-no-metrics,,False,,0,Completed,"[""small"",""medium""]",boundary_low_signal,"[""small""]",fea62042374075e0abc724d2dfcd7752cb3bf865,Maybe inspect something briefly; I am not sure yet.,{},366,244,11.619048,static_manual,True,False,True,False,False,,21,,[],0,202607194104,acceptable,"[""static/manual deterministic policy selected the smallest approved acceptable profile""]",,3,python_resource_getrusage,0,20260719T140431Z-matrix-aed48949-static_manual-boundary_below_0_5_ambiguous-r03,1.0.0,True,"[""experiments/raw/20260719T140431Z-matrix-aed48949/20260719T140431Z-matrix-aed48949-static_manual-boundary_below_0_5_ambiguous-r03/boundary_below_0_5_ambiguous/workload_stdout.jsonl"",""experiments/raw/20260719T140431Z-matrix-aed48949/20260719T140431Z-matrix-aed48949-static_manual-boundary_below_0_5_ambiguous-r03/boundary_below_0_5_ambiguous/workload_stderr.txt""]",0.001774,False,2026-07-19T14:05:22Z,boundary_below_0_5_ambiguous,0.001774
small,boundary,completed,"{""dataset_size_signal_used"":false,""detected_terms"":[],""hint_count"":0,""raw_context_available"":false,""raw_context_stored"":false}",500,100,,0.49,local-benchmark-orbstack-no-metrics,,False,,0,Completed,"[""small"",""medium""]",boundary_low_signal,"[""small""]",fea62042374075e0abc724d2dfcd7752cb3bf865,Maybe inspect something briefly; I am not sure yet.,{},366,244,11.619048,static_manual,True,False,True,False,False,,21,,[],0,202607194105,acceptable,"[""static/manual deterministic policy selected the smallest approved acceptable profile""]",,4,python_resource_getrusage,0,20260719T140431Z-matrix-aed48949-static_manual-boundary_below_0_5_ambiguous-r04,1.0.0,True,"[""experiments/raw/20260719T140431Z-matrix-aed48949/20260719T140431Z-matrix-aed48949-static_manual-boundary_below_0_5_ambiguous-r04/boundary_below_0_5_ambiguous/workload_stdout.jsonl"",""experiments/raw/20260719T140431Z-matrix-aed48949/20260719T140431Z-matrix-aed48949-static_manual-boundary_below_0_5_ambiguous-r04/boundary_below_0_5_ambiguous/workload_stderr.txt""]",0.001758,False,2026-07-19T14:05:22Z,boundary_below_0_5_ambiguous,0.001758
small,boundary,completed,"{""dataset_size_signal_used"":false,""detected_terms"":[],""hint_count"":0,""raw_context_available"":false,""raw_context_stored"":false}",500,100,,0.49,local-benchmark-orbstack-no-metrics,,False,,0,Completed,"[""small"",""medium""]",boundary_low_signal,"[""small""]",fea62042374075e0abc724d2dfcd7752cb3bf865,Maybe inspect something briefly; I am not sure yet.,{},366,244,11.619048,intent_only,True,False,True,False,False,,21,,[],0,202607194101,acceptable,"[""basic/light workload context""]",small,0,python_resource_getrusage,0,20260719T140431Z-matrix-aed48949-intent_only-boundary_below_0_5_ambiguous-r00,1.0.0,True,"[""experiments/raw/20260719T140431Z-matrix-aed48949/20260719T140431Z-matrix-aed48949-intent_only-boundary_below_0_5_ambiguous-r00/boundary_below_0_5_ambiguous/workload_stdout.jsonl"",""experiments/raw/20260719T140431Z-matrix-aed48949/20260719T140431Z-matrix-aed48949-intent_only-boundary_below_0_5_ambiguous-r00/boundary_below_0_5_ambiguous/workload_stderr.txt""]",0.001775,False,2026-07-19T14:05:22Z,boundary_below_0_5_ambiguous,0.001775
small,boundary,completed,"{""dataset_size_signal_used"":false,""detected_terms"":[],""hint_count"":0,""raw_context_available"":false,""raw_context_stored"":false}",500,100,,0.49,local-benchmark-orbstack-no-metrics,,False,,0,Completed,"[""small"",""medium""]",boundary_low_signal,"[""small""]",fea62042374075e0abc724d2dfcd7752cb3bf865,Maybe inspect something briefly; I am not sure yet.,{},366,244,11.619048,intent_only,True,False,True,False,False,,21,,[],0,202607194102,acceptable,"[""basic/light workload context""]",small,1,python_resource_getrusage,0,20260719T140431Z-matrix-aed48949-intent_only-boundary_below_0_5_ambiguous-r01,1.0.0,True,"[""experiments/raw/20260719T140431Z-matrix-aed48949/20260719T140431Z-matrix-aed48949-intent_only-boundary_below_0_5_ambiguous-r01/boundary_below_0_5_ambiguous/workload_stdout.jsonl"",""experiments/raw/20260719T140431Z-matrix-aed48949/20260719T140431Z-matrix-aed48949-intent_only-boundary_below_0_5_ambiguous-r01/boundary_below_0_5_ambiguous/workload_stderr.txt""]",0.001754,False,2026-07-19T14:05:22Z,boundary_below_0_5_ambiguous,0.001754
small,boundary,completed,"{""dataset_size_signal_used"":false,""detected_terms"":[],""hint_count"":0,""raw_context_available"":false,""raw_context_stored"":false}",500,100,,0.49,local-benchmark-orbstack-no-metrics,,False,,0,Completed,"[""small"",""medium""]",boundary_low_signal,"[""small""]",fea62042374075e0abc724d2dfcd7752cb3bf865,Maybe inspect something briefly; I am not sure yet.,{},366,244,11.619048,intent_only,True,False,True,False,False,,21,,[],0,202607194103,acceptable,"[""basic/light workload context""]",small,2,python_resource_getrusage,0,20260719T140431Z-matrix-aed48949-intent_only-boundary_below_0_5_ambiguous-r02,1.0.0,True,"[""experiments/raw/20260719T140431Z-matrix-aed48949/20260719T140431Z-matrix-aed48949-intent_only-boundary_below_0_5_ambiguous-r02/boundary_below_0_5_ambiguous/workload_stdout.jsonl"",""experiments/raw/20260719T140431Z-matrix-aed48949/20260719T140431Z-matrix-aed48949-intent_only-boundary_below_0_5_ambiguous-r02/boundary_below_0_5_ambiguous/workload_stderr.txt""]",0.00175,False,2026-07-19T14:05:22Z,boundary_below_0_5_ambiguous,0.00175
small,boundary,completed,"{""dataset_size_signal_used"":false,""detected_terms"":[],""hint_count"":0,""raw_context_available"":false,""raw_context_stored"":false}",500,100,,0.49,local-benchmark-orbstack-no-metrics,,False,,0,Completed,"[""small"",""medium""]",boundary_low_signal,"[""small""]",fea62042374075e0abc724d2dfcd7752cb3bf865,Maybe inspect something briefly; I am not sure yet.,{},366,244,11.619048,intent_only,True,False,True,False,False,,21,,[],0,202607194104,acceptable,"[""basic/light workload context""]",small,3,python_resource_getrusage,0,20260719T140431Z-matrix-aed48949-intent_only-boundary_below_0_5_ambiguous-r03,1.0.0,True,"[""experiments/raw/20260719T140431Z-matrix-aed48949/20260719T140431Z-matrix-aed48949-intent_only-boundary_below_0_5_ambiguous-r03/boundary_below_0_5_ambiguous/workload_stdout.jsonl"",""experiments/raw/20260719T140431Z-matrix-aed48949/20260719T140431Z-matrix-aed48949-intent_only-boundary_below_0_5_ambiguous-r03/boundary_below_0_5_ambiguous/workload_stderr.txt""]",0.001782,False,2026-07-19T14:05:22Z,boundary_below_0_5_ambiguous,0.001782
small,boundary,completed,"{""dataset_size_signal_used"":false,""detected_terms"":[],""hint_count"":0,""raw_context_available"":false,""raw_context_stored"":false}",500,100,,0.49,local-benchmark-orbstack-no-metrics,,False,,0,Completed,"[""small"",""medium""]",boundary_low_signal,"[""small""]",fea62042374075e0abc724d2dfcd7752cb3bf865,Maybe inspect something briefly; I am not sure yet.,{},366,244,11.619048,intent_only,True,False,True,False,False,,21,,[],0,202607194105,acceptable,"[""basic/light workload context""]",small,4,python_resource_getrusage,0,20260719T140431Z-matrix-aed48949-intent_only-boundary_below_0_5_ambiguous-r04,1.0.0,True,"[""experiments/raw/20260719T140431Z-matrix-aed48949/20260719T140431Z-matrix-aed48949-intent_only-boundary_below_0_5_ambiguous-r04/boundary_below_0_5_ambiguous/workload_stdout.jsonl"",""experiments/raw/20260719T140431Z-matrix-aed48949/20260719T140431Z-matrix-aed48949-intent_only-boundary_below_0_5_ambiguous-r04/boundary_below_0_5_ambiguous/workload_stderr.txt""]",0.001821,False,2026-07-19T14:05:22Z,boundary_below_0_5_ambiguous,0.001821
small,boundary,completed,"{""dataset_size_signal_used"":true,""detected_terms"":[],""hint_count"":2,""raw_context_available"":true,""raw_context_stored"":false}",500,100,,0.49,local-benchmark-orbstack-no-metrics,,False,,0,Completed,"[""small"",""medium""]",boundary_low_signal,"[""small""]",fea62042374075e0abc724d2dfcd7752cb3bf865,Maybe inspect something briefly; I am not sure yet.,{},366,244,11.619048,context_aware,True,False,True,False,False,,21,,[],0,202607194101,acceptable,"[""basic/light workload context""]",small,0,python_resource_getrusage,0,20260719T140431Z-matrix-aed48949-context_aware-boundary_below_0_5_ambiguous-r00,1.0.0,True,"[""experiments/raw/20260719T140431Z-matrix-aed48949/20260719T140431Z-matrix-aed48949-context_aware-boundary_below_0_5_ambiguous-r00/boundary_below_0_5_ambiguous/workload_stdout.jsonl"",""experiments/raw/20260719T140431Z-matrix-aed48949/20260719T140431Z-matrix-aed48949-context_aware-boundary_below_0_5_ambiguous-r00/boundary_below_0_5_ambiguous/workload_stderr.txt""]",0.001759,False,2026-07-19T14:05:22Z,boundary_below_0_5_ambiguous,0.001759
small,boundary,completed,"{""dataset_size_signal_used"":true,""detected_terms"":[],""hint_count"":2,""raw_context_available"":true,""raw_context_stored"":false}",500,100,,0.49,local-benchmark-orbstack-no-metrics,,False,,0,Completed,"[""small"",""medium""]",boundary_low_signal,"[""small""]",fea62042374075e0abc724d2dfcd7752cb3bf865,Maybe inspect something briefly; I am not sure yet.,{},366,244,11.619048,context_aware,True,False,True,False,False,,21,,[],0,202607194102,acceptable,"[""basic/light workload context""]",small,1,python_resource_getrusage,0,20260719T140431Z-matrix-aed48949-context_aware-boundary_below_0_5_ambiguous-r01,1.0.0,True,"[""experiments/raw/20260719T140431Z-matrix-aed48949/20260719T140431Z-matrix-aed48949-context_aware-boundary_below_0_5_ambiguous-r01/boundary_below_0_5_ambiguous/workload_stdout.jsonl"",""experiments/raw/20260719T140431Z-matrix-aed48949/20260719T140431Z-matrix-aed48949-context_aware-boundary_below_0_5_ambiguous-r01/boundary_below_0_5_ambiguous/workload_stderr.txt""]",0.001867,False,2026-07-19T14:05:22Z,boundary_below_0_5_ambiguous,0.001867
small,boundary,completed,"{""dataset_size_signal_used"":true,""detected_terms"":[],""hint_count"":2,""raw_context_available"":true,""raw_context_stored"":false}",500,100,,0.49,local-benchmark-orbstack-no-metrics,,False,,0,Completed,"[""small"",""medium""]",boundary_low_signal,"[""small""]",fea62042374075e0abc724d2dfcd7752cb3bf865,Maybe inspect something briefly; I am not sure yet.,{},366,244,11.619048,context_aware,True,False,True,False,False,,21,,[],0,202607194103,acceptable,"[""basic/light workload context""]",small,2,python_resource_getrusage,0,20260719T140431Z-matrix-aed48949-context_aware-boundary_below_0_5_ambiguous-r02,1.0.0,True,"[""experiments/raw/20260719T140431Z-matrix-aed48949/20260719T140431Z-matrix-aed48949-context_aware-boundary_below_0_5_ambiguous-r02/boundary_below_0_5_ambiguous/workload_stdout.jsonl"",""experiments/raw/20260719T140431Z-matrix-aed48949/20260719T140431Z-matrix-aed48949-context_aware-boundary_below_0_5_ambiguous-r02/boundary_below_0_5_ambiguous/workload_stderr.txt""]",0.001797,False,2026-07-19T14:05:22Z,boundary_below_0_5_ambiguous,0.001797
small,boundary,completed,"{""dataset_size_signal_used"":true,""detected_terms"":[],""hint_count"":2,""raw_context_available"":true,""raw_context_stored"":false}",500,100,,0.49,local-benchmark-orbstack-no-metrics,,False,,0,Completed,"[""small"",""medium""]",boundary_low_signal,"[""small""]",fea62042374075e0abc724d2dfcd7752cb3bf865,Maybe inspect something briefly; I am not sure yet.,{},366,244,11.619048,context_aware,True,False,True,False,False,,21,,[],0,202607194104,acceptable,"[""basic/light workload context""]",small,3,python_resource_getrusage,0,20260719T140431Z-matrix-aed48949-context_aware-boundary_below_0_5_ambiguous-r03,1.0.0,True,"[""experiments/raw/20260719T140431Z-matrix-aed48949/20260719T140431Z-matrix-aed48949-context_aware-boundary_below_0_5_ambiguous-r03/boundary_below_0_5_ambiguous/workload_stdout.jsonl"",""experiments/raw/20260719T140431Z-matrix-aed48949/20260719T140431Z-matrix-aed48949-context_aware-boundary_below_0_5_ambiguous-r03/boundary_below_0_5_ambiguous/workload_stderr.txt""]",0.001779,False,2026-07-19T14:05:22Z,boundary_below_0_5_ambiguous,0.001779
small,boundary,completed,"{""dataset_size_signal_used"":true,""detected_terms"":[],""hint_count"":2,""raw_context_available"":true,""raw_context_stored"":false}",500,100,,0.49,local-benchmark-orbstack-no-metrics,,False,,0,Completed,"[""small"",""medium""]",boundary_low_signal,"[""small""]",fea62042374075e0abc724d2dfcd7752cb3bf865,Maybe inspect something briefly; I am not sure yet.,{},366,244,11.619048,context_aware,True,False,True,False,False,,21,,[],0,202607194105,acceptable,"[""basic/light workload context""]",small,4,python_resource_getrusage,0,20260719T140431Z-matrix-aed48949-context_aware-boundary_below_0_5_ambiguous-r04,1.0.0,True,"[""experiments/raw/20260719T140431Z-matrix-aed48949/20260719T140431Z-matrix-aed48949-context_aware-boundary_below_0_5_ambiguous-r04/boundary_below_0_5_ambiguous/workload_stdout.jsonl"",""experiments/raw/20260719T140431Z-matrix-aed48949/20260719T140431Z-matrix-aed48949-context_aware-boundary_below_0_5_ambiguous-r04/boundary_below_0_5_ambiguous/workload_stderr.txt""]",0.001761,False,2026-07-19T14:05:22Z,boundary_below_0_5_ambiguous,0.001761
medium,data_processing,completed,"{""dataset_size_signal_used"":false,""detected_terms"":[],""hint_count"":0,""raw_context_available"":false,""raw_context_stored"":false}",1000,500,,1.2,local-benchmark-orbstack-no-metrics,,False,,0,Completed,"[""medium"",""large""]",moderate_memory_join,"[""medium""]",fea62042374075e0abc724d2dfcd7752cb3bf865,Join two dataframes and compute summary features.,{},953,732,34.857143,static_manual,True,False,True,False,False,,21,,[],0,202607192102,acceptable,"[""static/manual deterministic policy selected the smallest approved acceptable profile""]",,0,python_resource_getrusage,0,20260719T140431Z-matrix-aed48949-static_manual-data_dataframe_join_medium-r00,1.0.0,True,"[""experiments/raw/20260719T140431Z-matrix-aed48949/20260719T140431Z-matrix-aed48949-static_manual-data_dataframe_join_medium-r00/data_dataframe_join_medium/workload_stdout.jsonl"",""experiments/raw/20260719T140431Z-matrix-aed48949/20260719T140431Z-matrix-aed48949-static_manual-data_dataframe_join_medium-r00/data_dataframe_join_medium/workload_stderr.txt""]",0.002883,False,2026-07-19T14:04:35Z,data_dataframe_join_medium,0.002883
medium,data_processing,completed,"{""dataset_size_signal_used"":false,""detected_terms"":[],""hint_count"":0,""raw_context_available"":false,""raw_context_stored"":false}",1000,500,,1.2,local-benchmark-orbstack-no-metrics,,False,,0,Completed,"[""medium"",""large""]",moderate_memory_join,"[""medium""]",fea62042374075e0abc724d2dfcd7752cb3bf865,Join two dataframes and compute summary features.,{},953,732,36.6,static_manual,True,False,True,False,False,,20,,[],0,202607192103,acceptable,"[""static/manual deterministic policy selected the smallest approved acceptable profile""]",,1,python_resource_getrusage,0,20260719T140431Z-matrix-aed48949-static_manual-data_dataframe_join_medium-r01,1.0.0,True,"[""experiments/raw/20260719T140431Z-matrix-aed48949/20260719T140431Z-matrix-aed48949-static_manual-data_dataframe_join_medium-r01/data_dataframe_join_medium/workload_stdout.jsonl"",""experiments/raw/20260719T140431Z-matrix-aed48949/20260719T140431Z-matrix-aed48949-static_manual-data_dataframe_join_medium-r01/data_dataframe_join_medium/workload_stderr.txt""]",0.003,False,2026-07-19T14:04:35Z,data_dataframe_join_medium,0.003
medium,data_processing,completed,"{""dataset_size_signal_used"":false,""detected_terms"":[],""hint_count"":0,""raw_context_available"":false,""raw_context_stored"":false}",1000,500,,1.2,local-benchmark-orbstack-no-metrics,,False,,0,Completed,"[""medium"",""large""]",moderate_memory_join,"[""medium""]",fea62042374075e0abc724d2dfcd7752cb3bf865,Join two dataframes and compute summary features.,{},953,732,34.857143,static_manual,True,False,True,False,False,,21,,[],0,202607192104,acceptable,"[""static/manual deterministic policy selected the smallest approved acceptable profile""]",,2,python_resource_getrusage,0,20260719T140431Z-matrix-aed48949-static_manual-data_dataframe_join_medium-r02,1.0.0,True,"[""experiments/raw/20260719T140431Z-matrix-aed48949/20260719T140431Z-matrix-aed48949-static_manual-data_dataframe_join_medium-r02/data_dataframe_join_medium/workload_stdout.jsonl"",""experiments/raw/20260719T140431Z-matrix-aed48949/20260719T140431Z-matrix-aed48949-static_manual-data_dataframe_join_medium-r02/data_dataframe_join_medium/workload_stderr.txt""]",0.003075,False,2026-07-19T14:04:35Z,data_dataframe_join_medium,0.003075
medium,data_processing,completed,"{""dataset_size_signal_used"":false,""detected_terms"":[],""hint_count"":0,""raw_context_available"":false,""raw_context_stored"":false}",1000,500,,1.2,local-benchmark-orbstack-no-metrics,,False,,0,Completed,"[""medium"",""large""]",moderate_memory_join,"[""medium""]",fea62042374075e0abc724d2dfcd7752cb3bf865,Join two dataframes and compute summary features.,{},953,732,34.857143,static_manual,True,False,True,False,False,,21,,[],0,202607192105,acceptable,"[""static/manual deterministic policy selected the smallest approved acceptable profile""]",,3,python_resource_getrusage,0,20260719T140431Z-matrix-aed48949-static_manual-data_dataframe_join_medium-r03,1.0.0,True,"[""experiments/raw/20260719T140431Z-matrix-aed48949/20260719T140431Z-matrix-aed48949-static_manual-data_dataframe_join_medium-r03/data_dataframe_join_medium/workload_stdout.jsonl"",""experiments/raw/20260719T140431Z-matrix-aed48949/20260719T140431Z-matrix-aed48949-static_manual-data_dataframe_join_medium-r03/data_dataframe_join_medium/workload_stderr.txt""]",0.003009,False,2026-07-19T14:04:35Z,data_dataframe_join_medium,0.003009
medium,data_processing,completed,"{""dataset_size_signal_used"":false,""detected_terms"":[],""hint_count"":0,""raw_context_available"":false,""raw_context_stored"":false}",1000,500,,1.2,local-benchmark-orbstack-no-metrics,,False,,0,Completed,"[""medium"",""large""]",moderate_memory_join,"[""medium""]",fea62042374075e0abc724d2dfcd7752cb3bf865,Join two dataframes and compute summary features.,{},953,732,34.857143,static_manual,True,False,True,False,False,,21,,[],0,202607192106,acceptable,"[""static/manual deterministic policy selected the smallest approved acceptable profile""]",,4,python_resource_getrusage,0,20260719T140431Z-matrix-aed48949-static_manual-data_dataframe_join_medium-r04,1.0.0,True,"[""experiments/raw/20260719T140431Z-matrix-aed48949/20260719T140431Z-matrix-aed48949-static_manual-data_dataframe_join_medium-r04/data_dataframe_join_medium/workload_stdout.jsonl"",""experiments/raw/20260719T140431Z-matrix-aed48949/20260719T140431Z-matrix-aed48949-static_manual-data_dataframe_join_medium-r04/data_dataframe_join_medium/workload_stderr.txt""]",0.003316,False,2026-07-19T14:04:35Z,data_dataframe_join_medium,0.003316
small,data_processing,completed,"{""dataset_size_signal_used"":false,""detected_terms"":[],""hint_count"":0,""raw_context_available"":false,""raw_context_stored"":false}",500,100,,1.2,local-benchmark-orbstack-no-metrics,,False,,0,Completed,"[""medium"",""large""]",moderate_memory_join,"[""medium""]",fea62042374075e0abc724d2dfcd7752cb3bf865,Join two dataframes and compute summary features.,{},366,244,12.2,intent_only,True,False,True,False,False,,20,,[],-1,202607192102,under,"[""basic/light workload context""]",small,0,python_resource_getrusage,0,20260719T140431Z-matrix-aed48949-intent_only-data_dataframe_join_medium-r00,1.0.0,True,"[""experiments/raw/20260719T140431Z-matrix-aed48949/20260719T140431Z-matrix-aed48949-intent_only-data_dataframe_join_medium-r00/data_dataframe_join_medium/workload_stdout.jsonl"",""experiments/raw/20260719T140431Z-matrix-aed48949/20260719T140431Z-matrix-aed48949-intent_only-data_dataframe_join_medium-r00/data_dataframe_join_medium/workload_stderr.txt""]",0.002965,False,2026-07-19T14:04:36Z,data_dataframe_join_medium,0.002965
small,data_processing,completed,"{""dataset_size_signal_used"":false,""detected_terms"":[],""hint_count"":0,""raw_context_available"":false,""raw_context_stored"":false}",500,100,,1.2,local-benchmark-orbstack-no-metrics,,False,,0,Completed,"[""medium"",""large""]",moderate_memory_join,"[""medium""]",fea62042374075e0abc724d2dfcd7752cb3bf865,Join two dataframes and compute summary features.,{},366,244,11.619048,intent_only,True,False,True,False,False,,21,,[],-1,202607192103,under,"[""basic/light workload context""]",small,1,python_resource_getrusage,0,20260719T140431Z-matrix-aed48949-intent_only-data_dataframe_join_medium-r01,1.0.0,True,"[""experiments/raw/20260719T140431Z-matrix-aed48949/20260719T140431Z-matrix-aed48949-intent_only-data_dataframe_join_medium-r01/data_dataframe_join_medium/workload_stdout.jsonl"",""experiments/raw/20260719T140431Z-matrix-aed48949/20260719T140431Z-matrix-aed48949-intent_only-data_dataframe_join_medium-r01/data_dataframe_join_medium/workload_stderr.txt""]",0.003063,False,2026-07-19T14:04:36Z,data_dataframe_join_medium,0.003063
small,data_processing,completed,"{""dataset_size_signal_used"":false,""detected_terms"":[],""hint_count"":0,""raw_context_available"":false,""raw_context_stored"":false}",500,100,,1.2,local-benchmark-orbstack-no-metrics,,False,,0,Completed,"[""medium"",""large""]",moderate_memory_join,"[""medium""]",fea62042374075e0abc724d2dfcd7752cb3bf865,Join two dataframes and compute summary features.,{},366,244,11.619048,intent_only,True,False,True,False,False,,21,,[],-1,202607192104,under,"[""basic/light workload context""]",small,2,python_resource_getrusage,0,20260719T140431Z-matrix-aed48949-intent_only-data_dataframe_join_medium-r02,1.0.0,True,"[""experiments/raw/20260719T140431Z-matrix-aed48949/20260719T140431Z-matrix-aed48949-intent_only-data_dataframe_join_medium-r02/data_dataframe_join_medium/workload_stdout.jsonl"",""experiments/raw/20260719T140431Z-matrix-aed48949/20260719T140431Z-matrix-aed48949-intent_only-data_dataframe_join_medium-r02/data_dataframe_join_medium/workload_stderr.txt""]",0.003223,False,2026-07-19T14:04:36Z,data_dataframe_join_medium,0.003223
small,data_processing,completed,"{""dataset_size_signal_used"":false,""detected_terms"":[],""hint_count"":0,""raw_context_available"":false,""raw_context_stored"":false}",500,100,,1.2,local-benchmark-orbstack-no-metrics,,False,,0,Completed,"[""medium"",""large""]",moderate_memory_join,"[""medium""]",fea62042374075e0abc724d2dfcd7752cb3bf865,Join two dataframes and compute summary features.,{},366,244,11.619048,intent_only,True,False,True,False,False,,21,,[],-1,202607192105,under,"[""basic/light workload context""]",small,3,python_resource_getrusage,0,20260719T140431Z-matrix-aed48949-intent_only-data_dataframe_join_medium-r03,1.0.0,True,"[""experiments/raw/20260719T140431Z-matrix-aed48949/20260719T140431Z-matrix-aed48949-intent_only-data_dataframe_join_medium-r03/data_dataframe_join_medium/workload_stdout.jsonl"",""experiments/raw/20260719T140431Z-matrix-aed48949/20260719T140431Z-matrix-aed48949-intent_only-data_dataframe_join_medium-r03/data_dataframe_join_medium/workload_stderr.txt""]",0.003056,False,2026-07-19T14:04:36Z,data_dataframe_join_medium,0.003056
small,data_processing,completed,"{""dataset_size_signal_used"":false,""detected_terms"":[],""hint_count"":0,""raw_context_available"":false,""raw_context_stored"":false}",500,100,,1.2,local-benchmark-orbstack-no-metrics,,False,,0,Completed,"[""medium"",""large""]",moderate_memory_join,"[""medium""]",fea62042374075e0abc724d2dfcd7752cb3bf865,Join two dataframes and compute summary features.,{},366,244,11.619048,intent_only,True,False,True,False,False,,21,,[],-1,202607192106,under,"[""basic/light workload context""]",small,4,python_resource_getrusage,0,20260719T140431Z-matrix-aed48949-intent_only-data_dataframe_join_medium-r04,1.0.0,True,"[""experiments/raw/20260719T140431Z-matrix-aed48949/20260719T140431Z-matrix-aed48949-intent_only-data_dataframe_join_medium-r04/data_dataframe_join_medium/workload_stdout.jsonl"",""experiments/raw/20260719T140431Z-matrix-aed48949/20260719T140431Z-matrix-aed48949-intent_only-data_dataframe_join_medium-r04/data_dataframe_join_medium/workload_stderr.txt""]",0.002978,False,2026-07-19T14:04:36Z,data_dataframe_join_medium,0.002978
medium,data_processing,completed,"{""dataset_size_signal_used"":true,""detected_terms"":[],""hint_count"":2,""raw_context_available"":true,""raw_context_stored"":false}",1000,500,,1.2,local-benchmark-orbstack-no-metrics,,False,,0,Completed,"[""medium"",""large""]",moderate_memory_join,"[""medium""]",fea62042374075e0abc724d2dfcd7752cb3bf865,Join two dataframes and compute summary features.,{},953,732,34.857143,context_aware,True,False,True,False,False,,21,,[],0,202607192102,acceptable,"[""dataset size >= 0.5GB""]",medium,0,python_resource_getrusage,0,20260719T140431Z-matrix-aed48949-context_aware-data_dataframe_join_medium-r00,1.0.0,True,"[""experiments/raw/20260719T140431Z-matrix-aed48949/20260719T140431Z-matrix-aed48949-context_aware-data_dataframe_join_medium-r00/data_dataframe_join_medium/workload_stdout.jsonl"",""experiments/raw/20260719T140431Z-matrix-aed48949/20260719T140431Z-matrix-aed48949-context_aware-data_dataframe_join_medium-r00/data_dataframe_join_medium/workload_stderr.txt""]",0.002882,False,2026-07-19T14:04:36Z,data_dataframe_join_medium,0.002882
medium,data_processing,completed,"{""dataset_size_signal_used"":true,""detected_terms"":[],""hint_count"":2,""raw_context_available"":true,""raw_context_stored"":false}",1000,500,,1.2,local-benchmark-orbstack-no-metrics,,False,,0,Completed,"[""medium"",""large""]",moderate_memory_join,"[""medium""]",fea62042374075e0abc724d2dfcd7752cb3bf865,Join two dataframes and compute summary features.,{},953,732,34.857143,context_aware,True,False,True,False,False,,21,,[],0,202607192103,acceptable,"[""dataset size >= 0.5GB""]",medium,1,python_resource_getrusage,0,20260719T140431Z-matrix-aed48949-context_aware-data_dataframe_join_medium-r01,1.0.0,True,"[""experiments/raw/20260719T140431Z-matrix-aed48949/20260719T140431Z-matrix-aed48949-context_aware-data_dataframe_join_medium-r01/data_dataframe_join_medium/workload_stdout.jsonl"",""experiments/raw/20260719T140431Z-matrix-aed48949/20260719T140431Z-matrix-aed48949-context_aware-data_dataframe_join_medium-r01/data_dataframe_join_medium/workload_stderr.txt""]",0.002908,False,2026-07-19T14:04:36Z,data_dataframe_join_medium,0.002908
medium,data_processing,completed,"{""dataset_size_signal_used"":true,""detected_terms"":[],""hint_count"":2,""raw_context_available"":true,""raw_context_stored"":false}",1000,500,,1.2,local-benchmark-orbstack-no-metrics,,False,,0,Completed,"[""medium"",""large""]",moderate_memory_join,"[""medium""]",fea62042374075e0abc724d2dfcd7752cb3bf865,Join two dataframes and compute summary features.,{},953,732,34.857143,context_aware,True,False,True,False,False,,21,,[],0,202607192104,acceptable,"[""dataset size >= 0.5GB""]",medium,2,python_resource_getrusage,0,20260719T140431Z-matrix-aed48949-context_aware-data_dataframe_join_medium-r02,1.0.0,True,"[""experiments/raw/20260719T140431Z-matrix-aed48949/20260719T140431Z-matrix-aed48949-context_aware-data_dataframe_join_medium-r02/data_dataframe_join_medium/workload_stdout.jsonl"",""experiments/raw/20260719T140431Z-matrix-aed48949/20260719T140431Z-matrix-aed48949-context_aware-data_dataframe_join_medium-r02/data_dataframe_join_medium/workload_stderr.txt""]",0.002924,False,2026-07-19T14:04:36Z,data_dataframe_join_medium,0.002924
medium,data_processing,completed,"{""dataset_size_signal_used"":true,""detected_terms"":[],""hint_count"":2,""raw_context_available"":true,""raw_context_stored"":false}",1000,500,,1.2,local-benchmark-orbstack-no-metrics,,False,,0,Completed,"[""medium"",""large""]",moderate_memory_join,"[""medium""]",fea62042374075e0abc724d2dfcd7752cb3bf865,Join two dataframes and compute summary features.,{},953,732,34.857143,context_aware,True,False,True,False,False,,21,,[],0,202607192105,acceptable,"[""dataset size >= 0.5GB""]",medium,3,python_resource_getrusage,0,20260719T140431Z-matrix-aed48949-context_aware-data_dataframe_join_medium-r03,1.0.0,True,"[""experiments/raw/20260719T140431Z-matrix-aed48949/20260719T140431Z-matrix-aed48949-context_aware-data_dataframe_join_medium-r03/data_dataframe_join_medium/workload_stdout.jsonl"",""experiments/raw/20260719T140431Z-matrix-aed48949/20260719T140431Z-matrix-aed48949-context_aware-data_dataframe_join_medium-r03/data_dataframe_join_medium/workload_stderr.txt""]",0.003665,False,2026-07-19T14:04:36Z,data_dataframe_join_medium,0.003665
medium,data_processing,completed,"{""dataset_size_signal_used"":true,""detected_terms"":[],""hint_count"":2,""raw_context_available"":true,""raw_context_stored"":false}",1000,500,,1.2,local-benchmark-orbstack-no-metrics,,False,,0,Completed,"[""medium"",""large""]",moderate_memory_join,"[""medium""]",fea62042374075e0abc724d2dfcd7752cb3bf865,Join two dataframes and compute summary features.,{},953,732,34.857143,context_aware,True,False,True,False,False,,21,,[],0,202607192106,acceptable,"[""dataset size >= 0.5GB""]",medium,4,python_resource_getrusage,0,20260719T140431Z-matrix-aed48949-context_aware-data_dataframe_join_medium-r04,1.0.0,True,"[""experiments/raw/20260719T140431Z-matrix-aed48949/20260719T140431Z-matrix-aed48949-context_aware-data_dataframe_join_medium-r04/data_dataframe_join_medium/workload_stdout.jsonl"",""experiments/raw/20260719T140431Z-matrix-aed48949/20260719T140431Z-matrix-aed48949-context_aware-data_dataframe_join_medium-r04/data_dataframe_join_medium/workload_stderr.txt""]",0.002944,False,2026-07-19T14:04:36Z,data_dataframe_join_medium,0.002944
large,data_processing,completed,"{""dataset_size_signal_used"":false,""detected_terms"":[],""hint_count"":0,""raw_context_available"":false,""raw_context_stored"":false}",2000,1500,,2.2,local-benchmark-orbstack-no-metrics,,False,,0,Completed,"[""large""]",high_memory_groupby,"[""large""]",fea62042374075e0abc724d2dfcd7752cb3bf865,Aggregate a larger CSV and compare group-level totals.,{},1907,1464,69.714286,static_manual,True,False,True,False,False,,21,,[],0,202607192103,acceptable,"[""static/manual deterministic policy selected the smallest approved acceptable profile""]",,0,python_resource_getrusage,0,20260719T140431Z-matrix-aed48949-static_manual-data_large_aggregation-r00,1.0.0,True,"[""experiments/raw/20260719T140431Z-matrix-aed48949/20260719T140431Z-matrix-aed48949-static_manual-data_large_aggregation-r00/data_large_aggregation/workload_stdout.jsonl"",""experiments/raw/20260719T140431Z-matrix-aed48949/20260719T140431Z-matrix-aed48949-static_manual-data_large_aggregation-r00/data_large_aggregation/workload_stderr.txt""]",0.005406,False,2026-07-19T14:04:36Z,data_large_aggregation,0.005406
large,data_processing,completed,"{""dataset_size_signal_used"":false,""detected_terms"":[],""hint_count"":0,""raw_context_available"":false,""raw_context_stored"":false}",2000,1500,,2.2,local-benchmark-orbstack-no-metrics,,False,,0,Completed,"[""large""]",high_memory_groupby,"[""large""]",fea62042374075e0abc724d2dfcd7752cb3bf865,Aggregate a larger CSV and compare group-level totals.,{},1907,1464,73.2,static_manual,True,False,True,False,False,,20,,[],0,202607192104,acceptable,"[""static/manual deterministic policy selected the smallest approved acceptable profile""]",,1,python_resource_getrusage,0,20260719T140431Z-matrix-aed48949-static_manual-data_large_aggregation-r01,1.0.0,True,"[""experiments/raw/20260719T140431Z-matrix-aed48949/20260719T140431Z-matrix-aed48949-static_manual-data_large_aggregation-r01/data_large_aggregation/workload_stdout.jsonl"",""experiments/raw/20260719T140431Z-matrix-aed48949/20260719T140431Z-matrix-aed48949-static_manual-data_large_aggregation-r01/data_large_aggregation/workload_stderr.txt""]",0.005124,False,2026-07-19T14:04:36Z,data_large_aggregation,0.005124
large,data_processing,completed,"{""dataset_size_signal_used"":false,""detected_terms"":[],""hint_count"":0,""raw_context_available"":false,""raw_context_stored"":false}",2000,1500,,2.2,local-benchmark-orbstack-no-metrics,,False,,0,Completed,"[""large""]",high_memory_groupby,"[""large""]",fea62042374075e0abc724d2dfcd7752cb3bf865,Aggregate a larger CSV and compare group-level totals.,{},1907,1464,73.2,static_manual,True,False,True,False,False,,20,,[],0,202607192105,acceptable,"[""static/manual deterministic policy selected the smallest approved acceptable profile""]",,2,python_resource_getrusage,0,20260719T140431Z-matrix-aed48949-static_manual-data_large_aggregation-r02,1.0.0,True,"[""experiments/raw/20260719T140431Z-matrix-aed48949/20260719T140431Z-matrix-aed48949-static_manual-data_large_aggregation-r02/data_large_aggregation/workload_stdout.jsonl"",""experiments/raw/20260719T140431Z-matrix-aed48949/20260719T140431Z-matrix-aed48949-static_manual-data_large_aggregation-r02/data_large_aggregation/workload_stderr.txt""]",0.00509,False,2026-07-19T14:04:36Z,data_large_aggregation,0.00509
large,data_processing,completed,"{""dataset_size_signal_used"":false,""detected_terms"":[],""hint_count"":0,""raw_context_available"":false,""raw_context_stored"":false}",2000,1500,,2.2,local-benchmark-orbstack-no-metrics,,False,,0,Completed,"[""large""]",high_memory_groupby,"[""large""]",fea62042374075e0abc724d2dfcd7752cb3bf865,Aggregate a larger CSV and compare group-level totals.,{},1907,1464,73.2,static_manual,True,False,True,False,False,,20,,[],0,202607192106,acceptable,"[""static/manual deterministic policy selected the smallest approved acceptable profile""]",,3,python_resource_getrusage,0,20260719T140431Z-matrix-aed48949-static_manual-data_large_aggregation-r03,1.0.0,True,"[""experiments/raw/20260719T140431Z-matrix-aed48949/20260719T140431Z-matrix-aed48949-static_manual-data_large_aggregation-r03/data_large_aggregation/workload_stdout.jsonl"",""experiments/raw/20260719T140431Z-matrix-aed48949/20260719T140431Z-matrix-aed48949-static_manual-data_large_aggregation-r03/data_large_aggregation/workload_stderr.txt""]",0.005401,False,2026-07-19T14:04:36Z,data_large_aggregation,0.005401
large,data_processing,completed,"{""dataset_size_signal_used"":false,""detected_terms"":[],""hint_count"":0,""raw_context_available"":false,""raw_context_stored"":false}",2000,1500,,2.2,local-benchmark-orbstack-no-metrics,,False,,0,Completed,"[""large""]",high_memory_groupby,"[""large""]",fea62042374075e0abc724d2dfcd7752cb3bf865,Aggregate a larger CSV and compare group-level totals.,{},1907,1464,73.2,static_manual,True,False,True,False,False,,20,,[],0,202607192107,acceptable,"[""static/manual deterministic policy selected the smallest approved acceptable profile""]",,4,python_resource_getrusage,0,20260719T140431Z-matrix-aed48949-static_manual-data_large_aggregation-r04,1.0.0,True,"[""experiments/raw/20260719T140431Z-matrix-aed48949/20260719T140431Z-matrix-aed48949-static_manual-data_large_aggregation-r04/data_large_aggregation/workload_stdout.jsonl"",""experiments/raw/20260719T140431Z-matrix-aed48949/20260719T140431Z-matrix-aed48949-static_manual-data_large_aggregation-r04/data_large_aggregation/workload_stderr.txt""]",0.00503,False,2026-07-19T14:04:36Z,data_large_aggregation,0.00503
medium,data_processing,completed,"{""dataset_size_signal_used"":false,""detected_terms"":[],""hint_count"":0,""raw_context_available"":false,""raw_context_stored"":false}",1000,500,,2.2,local-benchmark-orbstack-no-metrics,,False,,0,Completed,"[""large""]",high_memory_groupby,"[""large""]",fea62042374075e0abc724d2dfcd7752cb3bf865,Aggregate a larger CSV and compare group-level totals.,{},953,732,34.857143,intent_only,True,False,True,False,False,,21,,[],-1,202607192103,under,"[""data-processing context detected: csv""]",medium,0,python_resource_getrusage,0,20260719T140431Z-matrix-aed48949-intent_only-data_large_aggregation-r00,1.0.0,True,"[""experiments/raw/20260719T140431Z-matrix-aed48949/20260719T140431Z-matrix-aed48949-intent_only-data_large_aggregation-r00/data_large_aggregation/workload_stdout.jsonl"",""experiments/raw/20260719T140431Z-matrix-aed48949/20260719T140431Z-matrix-aed48949-intent_only-data_large_aggregation-r00/data_large_aggregation/workload_stderr.txt""]",0.005041,False,2026-07-19T14:04:36Z,data_large_aggregation,0.005041
medium,data_processing,completed,"{""dataset_size_signal_used"":false,""detected_terms"":[],""hint_count"":0,""raw_context_available"":false,""raw_context_stored"":false}",1000,500,,2.2,local-benchmark-orbstack-no-metrics,,False,,0,Completed,"[""large""]",high_memory_groupby,"[""large""]",fea62042374075e0abc724d2dfcd7752cb3bf865,Aggregate a larger CSV and compare group-level totals.,{},953,732,36.6,intent_only,True,False,True,False,False,,20,,[],-1,202607192104,under,"[""data-processing context detected: csv""]",medium,1,python_resource_getrusage,0,20260719T140431Z-matrix-aed48949-intent_only-data_large_aggregation-r01,1.0.0,True,"[""experiments/raw/20260719T140431Z-matrix-aed48949/20260719T140431Z-matrix-aed48949-intent_only-data_large_aggregation-r01/data_large_aggregation/workload_stdout.jsonl"",""experiments/raw/20260719T140431Z-matrix-aed48949/20260719T140431Z-matrix-aed48949-intent_only-data_large_aggregation-r01/data_large_aggregation/workload_stderr.txt""]",0.005294,False,2026-07-19T14:04:36Z,data_large_aggregation,0.005294
medium,data_processing,completed,"{""dataset_size_signal_used"":false,""detected_terms"":[],""hint_count"":0,""raw_context_available"":false,""raw_context_stored"":false}",1000,500,,2.2,local-benchmark-orbstack-no-metrics,,False,,0,Completed,"[""large""]",high_memory_groupby,"[""large""]",fea62042374075e0abc724d2dfcd7752cb3bf865,Aggregate a larger CSV and compare group-level totals.,{},953,732,36.6,intent_only,True,False,True,False,False,,20,,[],-1,202607192105,under,"[""data-processing context detected: csv""]",medium,2,python_resource_getrusage,0,20260719T140431Z-matrix-aed48949-intent_only-data_large_aggregation-r02,1.0.0,True,"[""experiments/raw/20260719T140431Z-matrix-aed48949/20260719T140431Z-matrix-aed48949-intent_only-data_large_aggregation-r02/data_large_aggregation/workload_stdout.jsonl"",""experiments/raw/20260719T140431Z-matrix-aed48949/20260719T140431Z-matrix-aed48949-intent_only-data_large_aggregation-r02/data_large_aggregation/workload_stderr.txt""]",0.005321,False,2026-07-19T14:04:37Z,data_large_aggregation,0.005321
medium,data_processing,completed,"{""dataset_size_signal_used"":false,""detected_terms"":[],""hint_count"":0,""raw_context_available"":false,""raw_context_stored"":false}",1000,500,,2.2,local-benchmark-orbstack-no-metrics,,False,,0,Completed,"[""large""]",high_memory_groupby,"[""large""]",fea62042374075e0abc724d2dfcd7752cb3bf865,Aggregate a larger CSV and compare group-level totals.,{},953,732,36.6,intent_only,True,False,True,False,False,,20,,[],-1,202607192106,under,"[""data-processing context detected: csv""]",medium,3,python_resource_getrusage,0,20260719T140431Z-matrix-aed48949-intent_only-data_large_aggregation-r03,1.0.0,True,"[""experiments/raw/20260719T140431Z-matrix-aed48949/20260719T140431Z-matrix-aed48949-intent_only-data_large_aggregation-r03/data_large_aggregation/workload_stdout.jsonl"",""experiments/raw/20260719T140431Z-matrix-aed48949/20260719T140431Z-matrix-aed48949-intent_only-data_large_aggregation-r03/data_large_aggregation/workload_stderr.txt""]",0.005365,False,2026-07-19T14:04:37Z,data_large_aggregation,0.005365
medium,data_processing,completed,"{""dataset_size_signal_used"":false,""detected_terms"":[],""hint_count"":0,""raw_context_available"":false,""raw_context_stored"":false}",1000,500,,2.2,local-benchmark-orbstack-no-metrics,,False,,0,Completed,"[""large""]",high_memory_groupby,"[""large""]",fea62042374075e0abc724d2dfcd7752cb3bf865,Aggregate a larger CSV and compare group-level totals.,{},953,732,36.6,intent_only,True,False,True,False,False,,20,,[],-1,202607192107,under,"[""data-processing context detected: csv""]",medium,4,python_resource_getrusage,0,20260719T140431Z-matrix-aed48949-intent_only-data_large_aggregation-r04,1.0.0,True,"[""experiments/raw/20260719T140431Z-matrix-aed48949/20260719T140431Z-matrix-aed48949-intent_only-data_large_aggregation-r04/data_large_aggregation/workload_stdout.jsonl"",""experiments/raw/20260719T140431Z-matrix-aed48949/20260719T140431Z-matrix-aed48949-intent_only-data_large_aggregation-r04/data_large_aggregation/workload_stderr.txt""]",0.005547,False,2026-07-19T14:04:37Z,data_large_aggregation,0.005547
large,data_processing,completed,"{""dataset_size_signal_used"":true,""detected_terms"":[""pandas""],""hint_count"":2,""raw_context_available"":true,""raw_context_stored"":false}",2000,1500,,2.2,local-benchmark-orbstack-no-metrics,,False,,0,Completed,"[""large""]",high_memory_groupby,"[""large""]",fea62042374075e0abc724d2dfcd7752cb3bf865,Aggregate a larger CSV and compare group-level totals.,{},1907,1464,73.2,context_aware,True,False,True,False,False,,20,,[],0,202607192103,acceptable,"[""dataset size >= 2GB"",""data-processing context detected: pandas, csv""]",large,0,python_resource_getrusage,0,20260719T140431Z-matrix-aed48949-context_aware-data_large_aggregation-r00,1.0.0,True,"[""experiments/raw/20260719T140431Z-matrix-aed48949/20260719T140431Z-matrix-aed48949-context_aware-data_large_aggregation-r00/data_large_aggregation/workload_stdout.jsonl"",""experiments/raw/20260719T140431Z-matrix-aed48949/20260719T140431Z-matrix-aed48949-context_aware-data_large_aggregation-r00/data_large_aggregation/workload_stderr.txt""]",0.005203,False,2026-07-19T14:04:37Z,data_large_aggregation,0.005203
large,data_processing,completed,"{""dataset_size_signal_used"":true,""detected_terms"":[""pandas""],""hint_count"":2,""raw_context_available"":true,""raw_context_stored"":false}",2000,1500,,2.2,local-benchmark-orbstack-no-metrics,,False,,0,Completed,"[""large""]",high_memory_groupby,"[""large""]",fea62042374075e0abc724d2dfcd7752cb3bf865,Aggregate a larger CSV and compare group-level totals.,{},1907,1464,69.714286,context_aware,True,False,True,False,False,,21,,[],0,202607192104,acceptable,"[""dataset size >= 2GB"",""data-processing context detected: pandas, csv""]",large,1,python_resource_getrusage,0,20260719T140431Z-matrix-aed48949-context_aware-data_large_aggregation-r01,1.0.0,True,"[""experiments/raw/20260719T140431Z-matrix-aed48949/20260719T140431Z-matrix-aed48949-context_aware-data_large_aggregation-r01/data_large_aggregation/workload_stdout.jsonl"",""experiments/raw/20260719T140431Z-matrix-aed48949/20260719T140431Z-matrix-aed48949-context_aware-data_large_aggregation-r01/data_large_aggregation/workload_stderr.txt""]",0.005105,False,2026-07-19T14:04:37Z,data_large_aggregation,0.005105
large,data_processing,completed,"{""dataset_size_signal_used"":true,""detected_terms"":[""pandas""],""hint_count"":2,""raw_context_available"":true,""raw_context_stored"":false}",2000,1500,,2.2,local-benchmark-orbstack-no-metrics,,False,,0,Completed,"[""large""]",high_memory_groupby,"[""large""]",fea62042374075e0abc724d2dfcd7752cb3bf865,Aggregate a larger CSV and compare group-level totals.,{},1907,1464,73.2,context_aware,True,False,True,False,False,,20,,[],0,202607192105,acceptable,"[""dataset size >= 2GB"",""data-processing context detected: pandas, csv""]",large,2,python_resource_getrusage,0,20260719T140431Z-matrix-aed48949-context_aware-data_large_aggregation-r02,1.0.0,True,"[""experiments/raw/20260719T140431Z-matrix-aed48949/20260719T140431Z-matrix-aed48949-context_aware-data_large_aggregation-r02/data_large_aggregation/workload_stdout.jsonl"",""experiments/raw/20260719T140431Z-matrix-aed48949/20260719T140431Z-matrix-aed48949-context_aware-data_large_aggregation-r02/data_large_aggregation/workload_stderr.txt""]",0.005319,False,2026-07-19T14:04:37Z,data_large_aggregation,0.005319
large,data_processing,completed,"{""dataset_size_signal_used"":true,""detected_terms"":[""pandas""],""hint_count"":2,""raw_context_available"":true,""raw_context_stored"":false}",2000,1500,,2.2,local-benchmark-orbstack-no-metrics,,False,,0,Completed,"[""large""]",high_memory_groupby,"[""large""]",fea62042374075e0abc724d2dfcd7752cb3bf865,Aggregate a larger CSV and compare group-level totals.,{},1907,1464,73.2,context_aware,True,False,True,False,False,,20,,[],0,202607192106,acceptable,"[""dataset size >= 2GB"",""data-processing context detected: pandas, csv""]",large,3,python_resource_getrusage,0,20260719T140431Z-matrix-aed48949-context_aware-data_large_aggregation-r03,1.0.0,True,"[""experiments/raw/20260719T140431Z-matrix-aed48949/20260719T140431Z-matrix-aed48949-context_aware-data_large_aggregation-r03/data_large_aggregation/workload_stdout.jsonl"",""experiments/raw/20260719T140431Z-matrix-aed48949/20260719T140431Z-matrix-aed48949-context_aware-data_large_aggregation-r03/data_large_aggregation/workload_stderr.txt""]",0.006068,False,2026-07-19T14:04:37Z,data_large_aggregation,0.006068
large,data_processing,completed,"{""dataset_size_signal_used"":true,""detected_terms"":[""pandas""],""hint_count"":2,""raw_context_available"":true,""raw_context_stored"":false}",2000,1500,,2.2,local-benchmark-orbstack-no-metrics,,False,,0,Completed,"[""large""]",high_memory_groupby,"[""large""]",fea62042374075e0abc724d2dfcd7752cb3bf865,Aggregate a larger CSV and compare group-level totals.,{},1907,1464,73.2,context_aware,True,False,True,False,False,,20,,[],0,202607192107,acceptable,"[""dataset size >= 2GB"",""data-processing context detected: pandas, csv""]",large,4,python_resource_getrusage,0,20260719T140431Z-matrix-aed48949-context_aware-data_large_aggregation-r04,1.0.0,True,"[""experiments/raw/20260719T140431Z-matrix-aed48949/20260719T140431Z-matrix-aed48949-context_aware-data_large_aggregation-r04/data_large_aggregation/workload_stdout.jsonl"",""experiments/raw/20260719T140431Z-matrix-aed48949/20260719T140431Z-matrix-aed48949-context_aware-data_large_aggregation-r04/data_large_aggregation/workload_stderr.txt""]",0.005101,False,2026-07-19T14:04:37Z,data_large_aggregation,0.005101
medium,data_processing,completed,"{""dataset_size_signal_used"":false,""detected_terms"":[],""hint_count"":0,""raw_context_available"":false,""raw_context_stored"":false}",1000,500,,0.8,local-benchmark-orbstack-no-metrics,,False,,0,Completed,"[""medium"",""large""]",moderate_memory_tabular,"[""medium""]",fea62042374075e0abc724d2dfcd7752cb3bf865,Read a medium CSV with pandas and clean columns before analysis.,{},953,732,34.857143,static_manual,True,False,True,False,False,,21,,[],0,202607192101,acceptable,"[""static/manual deterministic policy selected the smallest approved acceptable profile""]",,0,python_resource_getrusage,0,20260719T140431Z-matrix-aed48949-static_manual-data_pandas_read_transform-r00,1.0.0,True,"[""experiments/raw/20260719T140431Z-matrix-aed48949/20260719T140431Z-matrix-aed48949-static_manual-data_pandas_read_transform-r00/data_pandas_read_transform/workload_stdout.jsonl"",""experiments/raw/20260719T140431Z-matrix-aed48949/20260719T140431Z-matrix-aed48949-static_manual-data_pandas_read_transform-r00/data_pandas_read_transform/workload_stderr.txt""]",0.010157,False,2026-07-19T14:04:34Z,data_pandas_read_transform,0.010157
medium,data_processing,completed,"{""dataset_size_signal_used"":false,""detected_terms"":[],""hint_count"":0,""raw_context_available"":false,""raw_context_stored"":false}",1000,500,,0.8,local-benchmark-orbstack-no-metrics,,False,,0,Completed,"[""medium"",""large""]",moderate_memory_tabular,"[""medium""]",fea62042374075e0abc724d2dfcd7752cb3bf865,Read a medium CSV with pandas and clean columns before analysis.,{},953,732,34.857143,static_manual,True,False,True,False,False,,21,,[],0,202607192102,acceptable,"[""static/manual deterministic policy selected the smallest approved acceptable profile""]",,1,python_resource_getrusage,0,20260719T140431Z-matrix-aed48949-static_manual-data_pandas_read_transform-r01,1.0.0,True,"[""experiments/raw/20260719T140431Z-matrix-aed48949/20260719T140431Z-matrix-aed48949-static_manual-data_pandas_read_transform-r01/data_pandas_read_transform/workload_stdout.jsonl"",""experiments/raw/20260719T140431Z-matrix-aed48949/20260719T140431Z-matrix-aed48949-static_manual-data_pandas_read_transform-r01/data_pandas_read_transform/workload_stderr.txt""]",0.010242,False,2026-07-19T14:04:34Z,data_pandas_read_transform,0.010242
medium,data_processing,completed,"{""dataset_size_signal_used"":false,""detected_terms"":[],""hint_count"":0,""raw_context_available"":false,""raw_context_stored"":false}",1000,500,,0.8,local-benchmark-orbstack-no-metrics,,False,,0,Completed,"[""medium"",""large""]",moderate_memory_tabular,"[""medium""]",fea62042374075e0abc724d2dfcd7752cb3bf865,Read a medium CSV with pandas and clean columns before analysis.,{},953,732,36.6,static_manual,True,False,True,False,False,,20,,[],0,202607192103,acceptable,"[""static/manual deterministic policy selected the smallest approved acceptable profile""]",,2,python_resource_getrusage,0,20260719T140431Z-matrix-aed48949-static_manual-data_pandas_read_transform-r02,1.0.0,True,"[""experiments/raw/20260719T140431Z-matrix-aed48949/20260719T140431Z-matrix-aed48949-static_manual-data_pandas_read_transform-r02/data_pandas_read_transform/workload_stdout.jsonl"",""experiments/raw/20260719T140431Z-matrix-aed48949/20260719T140431Z-matrix-aed48949-static_manual-data_pandas_read_transform-r02/data_pandas_read_transform/workload_stderr.txt""]",0.010229,False,2026-07-19T14:04:34Z,data_pandas_read_transform,0.010229
medium,data_processing,completed,"{""dataset_size_signal_used"":false,""detected_terms"":[],""hint_count"":0,""raw_context_available"":false,""raw_context_stored"":false}",1000,500,,0.8,local-benchmark-orbstack-no-metrics,,False,,0,Completed,"[""medium"",""large""]",moderate_memory_tabular,"[""medium""]",fea62042374075e0abc724d2dfcd7752cb3bf865,Read a medium CSV with pandas and clean columns before analysis.,{},953,732,36.6,static_manual,True,False,True,False,False,,20,,[],0,202607192104,acceptable,"[""static/manual deterministic policy selected the smallest approved acceptable profile""]",,3,python_resource_getrusage,0,20260719T140431Z-matrix-aed48949-static_manual-data_pandas_read_transform-r03,1.0.0,True,"[""experiments/raw/20260719T140431Z-matrix-aed48949/20260719T140431Z-matrix-aed48949-static_manual-data_pandas_read_transform-r03/data_pandas_read_transform/workload_stdout.jsonl"",""experiments/raw/20260719T140431Z-matrix-aed48949/20260719T140431Z-matrix-aed48949-static_manual-data_pandas_read_transform-r03/data_pandas_read_transform/workload_stderr.txt""]",0.010051,False,2026-07-19T14:04:34Z,data_pandas_read_transform,0.010051
medium,data_processing,completed,"{""dataset_size_signal_used"":false,""detected_terms"":[],""hint_count"":0,""raw_context_available"":false,""raw_context_stored"":false}",1000,500,,0.8,local-benchmark-orbstack-no-metrics,,False,,0,Completed,"[""medium"",""large""]",moderate_memory_tabular,"[""medium""]",fea62042374075e0abc724d2dfcd7752cb3bf865,Read a medium CSV with pandas and clean columns before analysis.,{},953,732,36.6,static_manual,True,False,True,False,False,,20,,[],0,202607192105,acceptable,"[""static/manual deterministic policy selected the smallest approved acceptable profile""]",,4,python_resource_getrusage,0,20260719T140431Z-matrix-aed48949-static_manual-data_pandas_read_transform-r04,1.0.0,True,"[""experiments/raw/20260719T140431Z-matrix-aed48949/20260719T140431Z-matrix-aed48949-static_manual-data_pandas_read_transform-r04/data_pandas_read_transform/workload_stdout.jsonl"",""experiments/raw/20260719T140431Z-matrix-aed48949/20260719T140431Z-matrix-aed48949-static_manual-data_pandas_read_transform-r04/data_pandas_read_transform/workload_stderr.txt""]",0.010051,False,2026-07-19T14:04:35Z,data_pandas_read_transform,0.010051
medium,data_processing,completed,"{""dataset_size_signal_used"":false,""detected_terms"":[],""hint_count"":0,""raw_context_available"":false,""raw_context_stored"":false}",1000,500,,0.8,local-benchmark-orbstack-no-metrics,,False,,0,Completed,"[""medium"",""large""]",moderate_memory_tabular,"[""medium""]",fea62042374075e0abc724d2dfcd7752cb3bf865,Read a medium CSV with pandas and clean columns before analysis.,{},953,732,34.857143,intent_only,True,False,True,False,False,,21,,[],0,202607192101,acceptable,"[""data-processing context detected: pandas, csv""]",medium,0,python_resource_getrusage,0,20260719T140431Z-matrix-aed48949-intent_only-data_pandas_read_transform-r00,1.0.0,True,"[""experiments/raw/20260719T140431Z-matrix-aed48949/20260719T140431Z-matrix-aed48949-intent_only-data_pandas_read_transform-r00/data_pandas_read_transform/workload_stdout.jsonl"",""experiments/raw/20260719T140431Z-matrix-aed48949/20260719T140431Z-matrix-aed48949-intent_only-data_pandas_read_transform-r00/data_pandas_read_transform/workload_stderr.txt""]",0.010175,False,2026-07-19T14:04:35Z,data_pandas_read_transform,0.010175
medium,data_processing,completed,"{""dataset_size_signal_used"":false,""detected_terms"":[],""hint_count"":0,""raw_context_available"":false,""raw_context_stored"":false}",1000,500,,0.8,local-benchmark-orbstack-no-metrics,,False,,0,Completed,"[""medium"",""large""]",moderate_memory_tabular,"[""medium""]",fea62042374075e0abc724d2dfcd7752cb3bf865,Read a medium CSV with pandas and clean columns before analysis.,{},953,732,36.6,intent_only,True,False,True,False,False,,20,,[],0,202607192102,acceptable,"[""data-processing context detected: pandas, csv""]",medium,1,python_resource_getrusage,0,20260719T140431Z-matrix-aed48949-intent_only-data_pandas_read_transform-r01,1.0.0,True,"[""experiments/raw/20260719T140431Z-matrix-aed48949/20260719T140431Z-matrix-aed48949-intent_only-data_pandas_read_transform-r01/data_pandas_read_transform/workload_stdout.jsonl"",""experiments/raw/20260719T140431Z-matrix-aed48949/20260719T140431Z-matrix-aed48949-intent_only-data_pandas_read_transform-r01/data_pandas_read_transform/workload_stderr.txt""]",0.010031,False,2026-07-19T14:04:35Z,data_pandas_read_transform,0.010031
medium,data_processing,completed,"{""dataset_size_signal_used"":false,""detected_terms"":[],""hint_count"":0,""raw_context_available"":false,""raw_context_stored"":false}",1000,500,,0.8,local-benchmark-orbstack-no-metrics,,False,,0,Completed,"[""medium"",""large""]",moderate_memory_tabular,"[""medium""]",fea62042374075e0abc724d2dfcd7752cb3bf865,Read a medium CSV with pandas and clean columns before analysis.,{},953,732,36.6,intent_only,True,False,True,False,False,,20,,[],0,202607192103,acceptable,"[""data-processing context detected: pandas, csv""]",medium,2,python_resource_getrusage,0,20260719T140431Z-matrix-aed48949-intent_only-data_pandas_read_transform-r02,1.0.0,True,"[""experiments/raw/20260719T140431Z-matrix-aed48949/20260719T140431Z-matrix-aed48949-intent_only-data_pandas_read_transform-r02/data_pandas_read_transform/workload_stdout.jsonl"",""experiments/raw/20260719T140431Z-matrix-aed48949/20260719T140431Z-matrix-aed48949-intent_only-data_pandas_read_transform-r02/data_pandas_read_transform/workload_stderr.txt""]",0.009913,False,2026-07-19T14:04:35Z,data_pandas_read_transform,0.009913
medium,data_processing,completed,"{""dataset_size_signal_used"":false,""detected_terms"":[],""hint_count"":0,""raw_context_available"":false,""raw_context_stored"":false}",1000,500,,0.8,local-benchmark-orbstack-no-metrics,,False,,0,Completed,"[""medium"",""large""]",moderate_memory_tabular,"[""medium""]",fea62042374075e0abc724d2dfcd7752cb3bf865,Read a medium CSV with pandas and clean columns before analysis.,{},953,732,36.6,intent_only,True,False,True,False,False,,20,,[],0,202607192104,acceptable,"[""data-processing context detected: pandas, csv""]",medium,3,python_resource_getrusage,0,20260719T140431Z-matrix-aed48949-intent_only-data_pandas_read_transform-r03,1.0.0,True,"[""experiments/raw/20260719T140431Z-matrix-aed48949/20260719T140431Z-matrix-aed48949-intent_only-data_pandas_read_transform-r03/data_pandas_read_transform/workload_stdout.jsonl"",""experiments/raw/20260719T140431Z-matrix-aed48949/20260719T140431Z-matrix-aed48949-intent_only-data_pandas_read_transform-r03/data_pandas_read_transform/workload_stderr.txt""]",0.009927,False,2026-07-19T14:04:35Z,data_pandas_read_transform,0.009927
medium,data_processing,completed,"{""dataset_size_signal_used"":false,""detected_terms"":[],""hint_count"":0,""raw_context_available"":false,""raw_context_stored"":false}",1000,500,,0.8,local-benchmark-orbstack-no-metrics,,False,,0,Completed,"[""medium"",""large""]",moderate_memory_tabular,"[""medium""]",fea62042374075e0abc724d2dfcd7752cb3bf865,Read a medium CSV with pandas and clean columns before analysis.,{},953,732,36.6,intent_only,True,False,True,False,False,,20,,[],0,202607192105,acceptable,"[""data-processing context detected: pandas, csv""]",medium,4,python_resource_getrusage,0,20260719T140431Z-matrix-aed48949-intent_only-data_pandas_read_transform-r04,1.0.0,True,"[""experiments/raw/20260719T140431Z-matrix-aed48949/20260719T140431Z-matrix-aed48949-intent_only-data_pandas_read_transform-r04/data_pandas_read_transform/workload_stdout.jsonl"",""experiments/raw/20260719T140431Z-matrix-aed48949/20260719T140431Z-matrix-aed48949-intent_only-data_pandas_read_transform-r04/data_pandas_read_transform/workload_stderr.txt""]",0.010295,False,2026-07-19T14:04:35Z,data_pandas_read_transform,0.010295
medium,data_processing,completed,"{""dataset_size_signal_used"":true,""detected_terms"":[""pandas"",""read_csv"",""csv""],""hint_count"":3,""raw_context_available"":true,""raw_context_stored"":false}",1000,500,,0.8,local-benchmark-orbstack-no-metrics,,False,,0,Completed,"[""medium"",""large""]",moderate_memory_tabular,"[""medium""]",fea62042374075e0abc724d2dfcd7752cb3bf865,Read a medium CSV with pandas and clean columns before analysis.,{},953,732,36.6,context_aware,True,False,True,False,False,,20,,[],0,202607192101,acceptable,"[""dataset size >= 0.5GB"",""data-processing context detected: pandas, read_csv, csv""]",medium,0,python_resource_getrusage,0,20260719T140431Z-matrix-aed48949-context_aware-data_pandas_read_transform-r00,1.0.0,True,"[""experiments/raw/20260719T140431Z-matrix-aed48949/20260719T140431Z-matrix-aed48949-context_aware-data_pandas_read_transform-r00/data_pandas_read_transform/workload_stdout.jsonl"",""experiments/raw/20260719T140431Z-matrix-aed48949/20260719T140431Z-matrix-aed48949-context_aware-data_pandas_read_transform-r00/data_pandas_read_transform/workload_stderr.txt""]",0.010107,False,2026-07-19T14:04:35Z,data_pandas_read_transform,0.010107
medium,data_processing,completed,"{""dataset_size_signal_used"":true,""detected_terms"":[""pandas"",""read_csv"",""csv""],""hint_count"":3,""raw_context_available"":true,""raw_context_stored"":false}",1000,500,,0.8,local-benchmark-orbstack-no-metrics,,False,,0,Completed,"[""medium"",""large""]",moderate_memory_tabular,"[""medium""]",fea62042374075e0abc724d2dfcd7752cb3bf865,Read a medium CSV with pandas and clean columns before analysis.,{},953,732,36.6,context_aware,True,False,True,False,False,,20,,[],0,202607192102,acceptable,"[""dataset size >= 0.5GB"",""data-processing context detected: pandas, read_csv, csv""]",medium,1,python_resource_getrusage,0,20260719T140431Z-matrix-aed48949-context_aware-data_pandas_read_transform-r01,1.0.0,True,"[""experiments/raw/20260719T140431Z-matrix-aed48949/20260719T140431Z-matrix-aed48949-context_aware-data_pandas_read_transform-r01/data_pandas_read_transform/workload_stdout.jsonl"",""experiments/raw/20260719T140431Z-matrix-aed48949/20260719T140431Z-matrix-aed48949-context_aware-data_pandas_read_transform-r01/data_pandas_read_transform/workload_stderr.txt""]",0.010826,False,2026-07-19T14:04:35Z,data_pandas_read_transform,0.010826
medium,data_processing,completed,"{""dataset_size_signal_used"":true,""detected_terms"":[""pandas"",""read_csv"",""csv""],""hint_count"":3,""raw_context_available"":true,""raw_context_stored"":false}",1000,500,,0.8,local-benchmark-orbstack-no-metrics,,False,,0,Completed,"[""medium"",""large""]",moderate_memory_tabular,"[""medium""]",fea62042374075e0abc724d2dfcd7752cb3bf865,Read a medium CSV with pandas and clean columns before analysis.,{},953,732,36.6,context_aware,True,False,True,False,False,,20,,[],0,202607192103,acceptable,"[""dataset size >= 0.5GB"",""data-processing context detected: pandas, read_csv, csv""]",medium,2,python_resource_getrusage,0,20260719T140431Z-matrix-aed48949-context_aware-data_pandas_read_transform-r02,1.0.0,True,"[""experiments/raw/20260719T140431Z-matrix-aed48949/20260719T140431Z-matrix-aed48949-context_aware-data_pandas_read_transform-r02/data_pandas_read_transform/workload_stdout.jsonl"",""experiments/raw/20260719T140431Z-matrix-aed48949/20260719T140431Z-matrix-aed48949-context_aware-data_pandas_read_transform-r02/data_pandas_read_transform/workload_stderr.txt""]",0.010407,False,2026-07-19T14:04:35Z,data_pandas_read_transform,0.010407
medium,data_processing,completed,"{""dataset_size_signal_used"":true,""detected_terms"":[""pandas"",""read_csv"",""csv""],""hint_count"":3,""raw_context_available"":true,""raw_context_stored"":false}",1000,500,,0.8,local-benchmark-orbstack-no-metrics,,False,,0,Completed,"[""medium"",""large""]",moderate_memory_tabular,"[""medium""]",fea62042374075e0abc724d2dfcd7752cb3bf865,Read a medium CSV with pandas and clean columns before analysis.,{},953,732,36.6,context_aware,True,False,True,False,False,,20,,[],0,202607192104,acceptable,"[""dataset size >= 0.5GB"",""data-processing context detected: pandas, read_csv, csv""]",medium,3,python_resource_getrusage,0,20260719T140431Z-matrix-aed48949-context_aware-data_pandas_read_transform-r03,1.0.0,True,"[""experiments/raw/20260719T140431Z-matrix-aed48949/20260719T140431Z-matrix-aed48949-context_aware-data_pandas_read_transform-r03/data_pandas_read_transform/workload_stdout.jsonl"",""experiments/raw/20260719T140431Z-matrix-aed48949/20260719T140431Z-matrix-aed48949-context_aware-data_pandas_read_transform-r03/data_pandas_read_transform/workload_stderr.txt""]",0.010086,False,2026-07-19T14:04:35Z,data_pandas_read_transform,0.010086
medium,data_processing,completed,"{""dataset_size_signal_used"":true,""detected_terms"":[""pandas"",""read_csv"",""csv""],""hint_count"":3,""raw_context_available"":true,""raw_context_stored"":false}",1000,500,,0.8,local-benchmark-orbstack-no-metrics,,False,,0,Completed,"[""medium"",""large""]",moderate_memory_tabular,"[""medium""]",fea62042374075e0abc724d2dfcd7752cb3bf865,Read a medium CSV with pandas and clean columns before analysis.,{},953,732,36.6,context_aware,True,False,True,False,False,,20,,[],0,202607192105,acceptable,"[""dataset size >= 0.5GB"",""data-processing context detected: pandas, read_csv, csv""]",medium,4,python_resource_getrusage,0,20260719T140431Z-matrix-aed48949-context_aware-data_pandas_read_transform-r04,1.0.0,True,"[""experiments/raw/20260719T140431Z-matrix-aed48949/20260719T140431Z-matrix-aed48949-context_aware-data_pandas_read_transform-r04/data_pandas_read_transform/workload_stdout.jsonl"",""experiments/raw/20260719T140431Z-matrix-aed48949/20260719T140431Z-matrix-aed48949-context_aware-data_pandas_read_transform-r04/data_pandas_read_transform/workload_stderr.txt""]",0.010251,False,2026-07-19T14:04:35Z,data_pandas_read_transform,0.010251
small,light,completed,"{""dataset_size_signal_used"":false,""detected_terms"":[],""hint_count"":0,""raw_context_available"":false,""raw_context_stored"":false}",500,100,,0.01,local-benchmark-orbstack-no-metrics,,False,,0,Completed,"[""small""]",low_cpu_low_memory,"[""small""]",fea62042374075e0abc724d2dfcd7752cb3bf865,I just need to run a few basic Python cells and sanity-check calculations.,{},366,244,12.2,static_manual,True,False,True,False,False,,20,,[],0,202607191101,acceptable,"[""static/manual deterministic policy selected the smallest approved acceptable profile""]",,0,python_resource_getrusage,0,20260719T140431Z-matrix-aed48949-static_manual-light_basic_python-r00,1.0.0,True,"[""experiments/raw/20260719T140431Z-matrix-aed48949/20260719T140431Z-matrix-aed48949-static_manual-light_basic_python-r00/light_basic_python/workload_stdout.jsonl"",""experiments/raw/20260719T140431Z-matrix-aed48949/20260719T140431Z-matrix-aed48949-static_manual-light_basic_python-r00/light_basic_python/workload_stderr.txt""]",0.00047,False,2026-07-19T14:04:31Z,light_basic_python,0.00047
small,light,completed,"{""dataset_size_signal_used"":false,""detected_terms"":[],""hint_count"":0,""raw_context_available"":false,""raw_context_stored"":false}",500,100,,0.01,local-benchmark-orbstack-no-metrics,,False,,0,Completed,"[""small""]",low_cpu_low_memory,"[""small""]",fea62042374075e0abc724d2dfcd7752cb3bf865,I just need to run a few basic Python cells and sanity-check calculations.,{},366,244,12.2,static_manual,True,False,True,False,False,,20,,[],0,202607191102,acceptable,"[""static/manual deterministic policy selected the smallest approved acceptable profile""]",,1,python_resource_getrusage,0,20260719T140431Z-matrix-aed48949-static_manual-light_basic_python-r01,1.0.0,True,"[""experiments/raw/20260719T140431Z-matrix-aed48949/20260719T140431Z-matrix-aed48949-static_manual-light_basic_python-r01/light_basic_python/workload_stdout.jsonl"",""experiments/raw/20260719T140431Z-matrix-aed48949/20260719T140431Z-matrix-aed48949-static_manual-light_basic_python-r01/light_basic_python/workload_stderr.txt""]",0.000629,False,2026-07-19T14:04:32Z,light_basic_python,0.000629
small,light,completed,"{""dataset_size_signal_used"":false,""detected_terms"":[],""hint_count"":0,""raw_context_available"":false,""raw_context_stored"":false}",500,100,,0.01,local-benchmark-orbstack-no-metrics,,False,,0,Completed,"[""small""]",low_cpu_low_memory,"[""small""]",fea62042374075e0abc724d2dfcd7752cb3bf865,I just need to run a few basic Python cells and sanity-check calculations.,{},366,244,12.2,static_manual,True,False,True,False,False,,20,,[],0,202607191103,acceptable,"[""static/manual deterministic policy selected the smallest approved acceptable profile""]",,2,python_resource_getrusage,0,20260719T140431Z-matrix-aed48949-static_manual-light_basic_python-r02,1.0.0,True,"[""experiments/raw/20260719T140431Z-matrix-aed48949/20260719T140431Z-matrix-aed48949-static_manual-light_basic_python-r02/light_basic_python/workload_stdout.jsonl"",""experiments/raw/20260719T140431Z-matrix-aed48949/20260719T140431Z-matrix-aed48949-static_manual-light_basic_python-r02/light_basic_python/workload_stderr.txt""]",0.000486,False,2026-07-19T14:04:32Z,light_basic_python,0.000486
small,light,completed,"{""dataset_size_signal_used"":false,""detected_terms"":[],""hint_count"":0,""raw_context_available"":false,""raw_context_stored"":false}",500,100,,0.01,local-benchmark-orbstack-no-metrics,,False,,0,Completed,"[""small""]",low_cpu_low_memory,"[""small""]",fea62042374075e0abc724d2dfcd7752cb3bf865,I just need to run a few basic Python cells and sanity-check calculations.,{},366,244,11.619048,static_manual,True,False,True,False,False,,21,,[],0,202607191104,acceptable,"[""static/manual deterministic policy selected the smallest approved acceptable profile""]",,3,python_resource_getrusage,0,20260719T140431Z-matrix-aed48949-static_manual-light_basic_python-r03,1.0.0,True,"[""experiments/raw/20260719T140431Z-matrix-aed48949/20260719T140431Z-matrix-aed48949-static_manual-light_basic_python-r03/light_basic_python/workload_stdout.jsonl"",""experiments/raw/20260719T140431Z-matrix-aed48949/20260719T140431Z-matrix-aed48949-static_manual-light_basic_python-r03/light_basic_python/workload_stderr.txt""]",0.000476,False,2026-07-19T14:04:32Z,light_basic_python,0.000476
small,light,completed,"{""dataset_size_signal_used"":false,""detected_terms"":[],""hint_count"":0,""raw_context_available"":false,""raw_context_stored"":false}",500,100,,0.01,local-benchmark-orbstack-no-metrics,,False,,0,Completed,"[""small""]",low_cpu_low_memory,"[""small""]",fea62042374075e0abc724d2dfcd7752cb3bf865,I just need to run a few basic Python cells and sanity-check calculations.,{},366,244,11.619048,static_manual,True,False,True,False,False,,21,,[],0,202607191105,acceptable,"[""static/manual deterministic policy selected the smallest approved acceptable profile""]",,4,python_resource_getrusage,0,20260719T140431Z-matrix-aed48949-static_manual-light_basic_python-r04,1.0.0,True,"[""experiments/raw/20260719T140431Z-matrix-aed48949/20260719T140431Z-matrix-aed48949-static_manual-light_basic_python-r04/light_basic_python/workload_stdout.jsonl"",""experiments/raw/20260719T140431Z-matrix-aed48949/20260719T140431Z-matrix-aed48949-static_manual-light_basic_python-r04/light_basic_python/workload_stderr.txt""]",0.000516,False,2026-07-19T14:04:32Z,light_basic_python,0.000516
small,light,completed,"{""dataset_size_signal_used"":false,""detected_terms"":[],""hint_count"":0,""raw_context_available"":false,""raw_context_stored"":false}",500,100,,0.01,local-benchmark-orbstack-no-metrics,,False,,0,Completed,"[""small""]",low_cpu_low_memory,"[""small""]",fea62042374075e0abc724d2dfcd7752cb3bf865,I just need to run a few basic Python cells and sanity-check calculations.,{},366,244,12.2,intent_only,True,False,True,False,False,,20,,[],0,202607191101,acceptable,"[""basic/light workload context""]",small,0,python_resource_getrusage,0,20260719T140431Z-matrix-aed48949-intent_only-light_basic_python-r00,1.0.0,True,"[""experiments/raw/20260719T140431Z-matrix-aed48949/20260719T140431Z-matrix-aed48949-intent_only-light_basic_python-r00/light_basic_python/workload_stdout.jsonl"",""experiments/raw/20260719T140431Z-matrix-aed48949/20260719T140431Z-matrix-aed48949-intent_only-light_basic_python-r00/light_basic_python/workload_stderr.txt""]",0.000465,False,2026-07-19T14:04:32Z,light_basic_python,0.000465
small,light,completed,"{""dataset_size_signal_used"":false,""detected_terms"":[],""hint_count"":0,""raw_context_available"":false,""raw_context_stored"":false}",500,100,,0.01,local-benchmark-orbstack-no-metrics,,False,,0,Completed,"[""small""]",low_cpu_low_memory,"[""small""]",fea62042374075e0abc724d2dfcd7752cb3bf865,I just need to run a few basic Python cells and sanity-check calculations.,{},366,244,12.2,intent_only,True,False,True,False,False,,20,,[],0,202607191102,acceptable,"[""basic/light workload context""]",small,1,python_resource_getrusage,0,20260719T140431Z-matrix-aed48949-intent_only-light_basic_python-r01,1.0.0,True,"[""experiments/raw/20260719T140431Z-matrix-aed48949/20260719T140431Z-matrix-aed48949-intent_only-light_basic_python-r01/light_basic_python/workload_stdout.jsonl"",""experiments/raw/20260719T140431Z-matrix-aed48949/20260719T140431Z-matrix-aed48949-intent_only-light_basic_python-r01/light_basic_python/workload_stderr.txt""]",0.000614,False,2026-07-19T14:04:32Z,light_basic_python,0.000614
small,light,completed,"{""dataset_size_signal_used"":false,""detected_terms"":[],""hint_count"":0,""raw_context_available"":false,""raw_context_stored"":false}",500,100,,0.01,local-benchmark-orbstack-no-metrics,,False,,0,Completed,"[""small""]",low_cpu_low_memory,"[""small""]",fea62042374075e0abc724d2dfcd7752cb3bf865,I just need to run a few basic Python cells and sanity-check calculations.,{},366,244,12.2,intent_only,True,False,True,False,False,,20,,[],0,202607191103,acceptable,"[""basic/light workload context""]",small,2,python_resource_getrusage,0,20260719T140431Z-matrix-aed48949-intent_only-light_basic_python-r02,1.0.0,True,"[""experiments/raw/20260719T140431Z-matrix-aed48949/20260719T140431Z-matrix-aed48949-intent_only-light_basic_python-r02/light_basic_python/workload_stdout.jsonl"",""experiments/raw/20260719T140431Z-matrix-aed48949/20260719T140431Z-matrix-aed48949-intent_only-light_basic_python-r02/light_basic_python/workload_stderr.txt""]",0.000467,False,2026-07-19T14:04:32Z,light_basic_python,0.000467
small,light,completed,"{""dataset_size_signal_used"":false,""detected_terms"":[],""hint_count"":0,""raw_context_available"":false,""raw_context_stored"":false}",500,100,,0.01,local-benchmark-orbstack-no-metrics,,False,,0,Completed,"[""small""]",low_cpu_low_memory,"[""small""]",fea62042374075e0abc724d2dfcd7752cb3bf865,I just need to run a few basic Python cells and sanity-check calculations.,{},366,244,12.2,intent_only,True,False,True,False,False,,20,,[],0,202607191104,acceptable,"[""basic/light workload context""]",small,3,python_resource_getrusage,0,20260719T140431Z-matrix-aed48949-intent_only-light_basic_python-r03,1.0.0,True,"[""experiments/raw/20260719T140431Z-matrix-aed48949/20260719T140431Z-matrix-aed48949-intent_only-light_basic_python-r03/light_basic_python/workload_stdout.jsonl"",""experiments/raw/20260719T140431Z-matrix-aed48949/20260719T140431Z-matrix-aed48949-intent_only-light_basic_python-r03/light_basic_python/workload_stderr.txt""]",0.000536,False,2026-07-19T14:04:32Z,light_basic_python,0.000536
small,light,completed,"{""dataset_size_signal_used"":false,""detected_terms"":[],""hint_count"":0,""raw_context_available"":false,""raw_context_stored"":false}",500,100,,0.01,local-benchmark-orbstack-no-metrics,,False,,0,Completed,"[""small""]",low_cpu_low_memory,"[""small""]",fea62042374075e0abc724d2dfcd7752cb3bf865,I just need to run a few basic Python cells and sanity-check calculations.,{},366,244,11.619048,intent_only,True,False,True,False,False,,21,,[],0,202607191105,acceptable,"[""basic/light workload context""]",small,4,python_resource_getrusage,0,20260719T140431Z-matrix-aed48949-intent_only-light_basic_python-r04,1.0.0,True,"[""experiments/raw/20260719T140431Z-matrix-aed48949/20260719T140431Z-matrix-aed48949-intent_only-light_basic_python-r04/light_basic_python/workload_stdout.jsonl"",""experiments/raw/20260719T140431Z-matrix-aed48949/20260719T140431Z-matrix-aed48949-intent_only-light_basic_python-r04/light_basic_python/workload_stderr.txt""]",0.000475,False,2026-07-19T14:04:32Z,light_basic_python,0.000475
small,light,completed,"{""dataset_size_signal_used"":true,""detected_terms"":[],""hint_count"":2,""raw_context_available"":true,""raw_context_stored"":false}",500,100,,0.01,local-benchmark-orbstack-no-metrics,,False,,0,Completed,"[""small""]",low_cpu_low_memory,"[""small""]",fea62042374075e0abc724d2dfcd7752cb3bf865,I just need to run a few basic Python cells and sanity-check calculations.,{},366,244,11.619048,context_aware,True,False,True,False,False,,21,,[],0,202607191101,acceptable,"[""basic/light workload context""]",small,0,python_resource_getrusage,0,20260719T140431Z-matrix-aed48949-context_aware-light_basic_python-r00,1.0.0,True,"[""experiments/raw/20260719T140431Z-matrix-aed48949/20260719T140431Z-matrix-aed48949-context_aware-light_basic_python-r00/light_basic_python/workload_stdout.jsonl"",""experiments/raw/20260719T140431Z-matrix-aed48949/20260719T140431Z-matrix-aed48949-context_aware-light_basic_python-r00/light_basic_python/workload_stderr.txt""]",0.000507,False,2026-07-19T14:04:32Z,light_basic_python,0.000507
small,light,completed,"{""dataset_size_signal_used"":true,""detected_terms"":[],""hint_count"":2,""raw_context_available"":true,""raw_context_stored"":false}",500,100,,0.01,local-benchmark-orbstack-no-metrics,,False,,0,Completed,"[""small""]",low_cpu_low_memory,"[""small""]",fea62042374075e0abc724d2dfcd7752cb3bf865,I just need to run a few basic Python cells and sanity-check calculations.,{},366,244,11.619048,context_aware,True,False,True,False,False,,21,,[],0,202607191102,acceptable,"[""basic/light workload context""]",small,1,python_resource_getrusage,0,20260719T140431Z-matrix-aed48949-context_aware-light_basic_python-r01,1.0.0,True,"[""experiments/raw/20260719T140431Z-matrix-aed48949/20260719T140431Z-matrix-aed48949-context_aware-light_basic_python-r01/light_basic_python/workload_stdout.jsonl"",""experiments/raw/20260719T140431Z-matrix-aed48949/20260719T140431Z-matrix-aed48949-context_aware-light_basic_python-r01/light_basic_python/workload_stderr.txt""]",0.000519,False,2026-07-19T14:04:32Z,light_basic_python,0.000519
small,light,completed,"{""dataset_size_signal_used"":true,""detected_terms"":[],""hint_count"":2,""raw_context_available"":true,""raw_context_stored"":false}",500,100,,0.01,local-benchmark-orbstack-no-metrics,,False,,0,Completed,"[""small""]",low_cpu_low_memory,"[""small""]",fea62042374075e0abc724d2dfcd7752cb3bf865,I just need to run a few basic Python cells and sanity-check calculations.,{},366,244,11.619048,context_aware,True,False,True,False,False,,21,,[],0,202607191103,acceptable,"[""basic/light workload context""]",small,2,python_resource_getrusage,0,20260719T140431Z-matrix-aed48949-context_aware-light_basic_python-r02,1.0.0,True,"[""experiments/raw/20260719T140431Z-matrix-aed48949/20260719T140431Z-matrix-aed48949-context_aware-light_basic_python-r02/light_basic_python/workload_stdout.jsonl"",""experiments/raw/20260719T140431Z-matrix-aed48949/20260719T140431Z-matrix-aed48949-context_aware-light_basic_python-r02/light_basic_python/workload_stderr.txt""]",0.000479,False,2026-07-19T14:04:32Z,light_basic_python,0.000479
small,light,completed,"{""dataset_size_signal_used"":true,""detected_terms"":[],""hint_count"":2,""raw_context_available"":true,""raw_context_stored"":false}",500,100,,0.01,local-benchmark-orbstack-no-metrics,,False,,0,Completed,"[""small""]",low_cpu_low_memory,"[""small""]",fea62042374075e0abc724d2dfcd7752cb3bf865,I just need to run a few basic Python cells and sanity-check calculations.,{},366,244,11.619048,context_aware,True,False,True,False,False,,21,,[],0,202607191104,acceptable,"[""basic/light workload context""]",small,3,python_resource_getrusage,0,20260719T140431Z-matrix-aed48949-context_aware-light_basic_python-r03,1.0.0,True,"[""experiments/raw/20260719T140431Z-matrix-aed48949/20260719T140431Z-matrix-aed48949-context_aware-light_basic_python-r03/light_basic_python/workload_stdout.jsonl"",""experiments/raw/20260719T140431Z-matrix-aed48949/20260719T140431Z-matrix-aed48949-context_aware-light_basic_python-r03/light_basic_python/workload_stderr.txt""]",0.000486,False,2026-07-19T14:04:32Z,light_basic_python,0.000486
small,light,completed,"{""dataset_size_signal_used"":true,""detected_terms"":[],""hint_count"":2,""raw_context_available"":true,""raw_context_stored"":false}",500,100,,0.01,local-benchmark-orbstack-no-metrics,,False,,0,Completed,"[""small""]",low_cpu_low_memory,"[""small""]",fea62042374075e0abc724d2dfcd7752cb3bf865,I just need to run a few basic Python cells and sanity-check calculations.,{},366,244,11.619048,context_aware,True,False,True,False,False,,21,,[],0,202607191105,acceptable,"[""basic/light workload context""]",small,4,python_resource_getrusage,0,20260719T140431Z-matrix-aed48949-context_aware-light_basic_python-r04,1.0.0,True,"[""experiments/raw/20260719T140431Z-matrix-aed48949/20260719T140431Z-matrix-aed48949-context_aware-light_basic_python-r04/light_basic_python/workload_stdout.jsonl"",""experiments/raw/20260719T140431Z-matrix-aed48949/20260719T140431Z-matrix-aed48949-context_aware-light_basic_python-r04/light_basic_python/workload_stderr.txt""]",0.000469,False,2026-07-19T14:04:32Z,light_basic_python,0.000469
small,light,completed,"{""dataset_size_signal_used"":false,""detected_terms"":[],""hint_count"":0,""raw_context_available"":false,""raw_context_stored"":false}",500,100,,0.04,local-benchmark-orbstack-no-metrics,,False,,0,Completed,"[""small"",""medium""]",low_memory_short_io,"[""medium""]",fea62042374075e0abc724d2dfcd7752cb3bf865,Open a small CSV file and inspect a few columns.,{},366,244,11.619048,static_manual,True,False,True,False,False,,21,,[],0,202607191102,acceptable,"[""static/manual deterministic policy selected the smallest approved acceptable profile""]",,0,python_resource_getrusage,0,20260719T140431Z-matrix-aed48949-static_manual-light_small_csv_read-r00,1.0.0,True,"[""experiments/raw/20260719T140431Z-matrix-aed48949/20260719T140431Z-matrix-aed48949-static_manual-light_small_csv_read-r00/light_small_csv_read/workload_stdout.jsonl"",""experiments/raw/20260719T140431Z-matrix-aed48949/20260719T140431Z-matrix-aed48949-static_manual-light_small_csv_read-r00/light_small_csv_read/workload_stderr.txt""]",0.004411,False,2026-07-19T14:04:32Z,light_small_csv_read,0.004411
small,light,completed,"{""dataset_size_signal_used"":false,""detected_terms"":[],""hint_count"":0,""raw_context_available"":false,""raw_context_stored"":false}",500,100,,0.04,local-benchmark-orbstack-no-metrics,,False,,0,Completed,"[""small"",""medium""]",low_memory_short_io,"[""medium""]",fea62042374075e0abc724d2dfcd7752cb3bf865,Open a small CSV file and inspect a few columns.,{},366,244,12.2,static_manual,True,False,True,False,False,,20,,[],0,202607191103,acceptable,"[""static/manual deterministic policy selected the smallest approved acceptable profile""]",,1,python_resource_getrusage,0,20260719T140431Z-matrix-aed48949-static_manual-light_small_csv_read-r01,1.0.0,True,"[""experiments/raw/20260719T140431Z-matrix-aed48949/20260719T140431Z-matrix-aed48949-static_manual-light_small_csv_read-r01/light_small_csv_read/workload_stdout.jsonl"",""experiments/raw/20260719T140431Z-matrix-aed48949/20260719T140431Z-matrix-aed48949-static_manual-light_small_csv_read-r01/light_small_csv_read/workload_stderr.txt""]",0.004081,False,2026-07-19T14:04:32Z,light_small_csv_read,0.004081
small,light,completed,"{""dataset_size_signal_used"":false,""detected_terms"":[],""hint_count"":0,""raw_context_available"":false,""raw_context_stored"":false}",500,100,,0.04,local-benchmark-orbstack-no-metrics,,False,,0,Completed,"[""small"",""medium""]",low_memory_short_io,"[""medium""]",fea62042374075e0abc724d2dfcd7752cb3bf865,Open a small CSV file and inspect a few columns.,{},366,244,11.619048,static_manual,True,False,True,False,False,,21,,[],0,202607191104,acceptable,"[""static/manual deterministic policy selected the smallest approved acceptable profile""]",,2,python_resource_getrusage,0,20260719T140431Z-matrix-aed48949-static_manual-light_small_csv_read-r02,1.0.0,True,"[""experiments/raw/20260719T140431Z-matrix-aed48949/20260719T140431Z-matrix-aed48949-static_manual-light_small_csv_read-r02/light_small_csv_read/workload_stdout.jsonl"",""experiments/raw/20260719T140431Z-matrix-aed48949/20260719T140431Z-matrix-aed48949-static_manual-light_small_csv_read-r02/light_small_csv_read/workload_stderr.txt""]",0.004235,False,2026-07-19T14:04:32Z,light_small_csv_read,0.004235
small,light,completed,"{""dataset_size_signal_used"":false,""detected_terms"":[],""hint_count"":0,""raw_context_available"":false,""raw_context_stored"":false}",500,100,,0.04,local-benchmark-orbstack-no-metrics,,False,,0,Completed,"[""small"",""medium""]",low_memory_short_io,"[""medium""]",fea62042374075e0abc724d2dfcd7752cb3bf865,Open a small CSV file and inspect a few columns.,{},366,244,12.2,static_manual,True,False,True,False,False,,20,,[],0,202607191105,acceptable,"[""static/manual deterministic policy selected the smallest approved acceptable profile""]",,3,python_resource_getrusage,0,20260719T140431Z-matrix-aed48949-static_manual-light_small_csv_read-r03,1.0.0,True,"[""experiments/raw/20260719T140431Z-matrix-aed48949/20260719T140431Z-matrix-aed48949-static_manual-light_small_csv_read-r03/light_small_csv_read/workload_stdout.jsonl"",""experiments/raw/20260719T140431Z-matrix-aed48949/20260719T140431Z-matrix-aed48949-static_manual-light_small_csv_read-r03/light_small_csv_read/workload_stderr.txt""]",0.00442,False,2026-07-19T14:04:33Z,light_small_csv_read,0.00442
small,light,completed,"{""dataset_size_signal_used"":false,""detected_terms"":[],""hint_count"":0,""raw_context_available"":false,""raw_context_stored"":false}",500,100,,0.04,local-benchmark-orbstack-no-metrics,,False,,0,Completed,"[""small"",""medium""]",low_memory_short_io,"[""medium""]",fea62042374075e0abc724d2dfcd7752cb3bf865,Open a small CSV file and inspect a few columns.,{},366,244,12.2,static_manual,True,False,True,False,False,,20,,[],0,202607191106,acceptable,"[""static/manual deterministic policy selected the smallest approved acceptable profile""]",,4,python_resource_getrusage,0,20260719T140431Z-matrix-aed48949-static_manual-light_small_csv_read-r04,1.0.0,True,"[""experiments/raw/20260719T140431Z-matrix-aed48949/20260719T140431Z-matrix-aed48949-static_manual-light_small_csv_read-r04/light_small_csv_read/workload_stdout.jsonl"",""experiments/raw/20260719T140431Z-matrix-aed48949/20260719T140431Z-matrix-aed48949-static_manual-light_small_csv_read-r04/light_small_csv_read/workload_stderr.txt""]",0.004265,False,2026-07-19T14:04:33Z,light_small_csv_read,0.004265
medium,light,completed,"{""dataset_size_signal_used"":false,""detected_terms"":[],""hint_count"":0,""raw_context_available"":false,""raw_context_stored"":false}",1000,500,,0.04,local-benchmark-orbstack-no-metrics,,False,,0,Completed,"[""small"",""medium""]",low_memory_short_io,"[""medium""]",fea62042374075e0abc724d2dfcd7752cb3bf865,Open a small CSV file and inspect a few columns.,{},953,732,34.857143,intent_only,True,False,True,False,False,,21,,[],0,202607191102,acceptable,"[""data-processing context detected: csv""]",medium,0,python_resource_getrusage,0,20260719T140431Z-matrix-aed48949-intent_only-light_small_csv_read-r00,1.0.0,True,"[""experiments/raw/20260719T140431Z-matrix-aed48949/20260719T140431Z-matrix-aed48949-intent_only-light_small_csv_read-r00/light_small_csv_read/workload_stdout.jsonl"",""experiments/raw/20260719T140431Z-matrix-aed48949/20260719T140431Z-matrix-aed48949-intent_only-light_small_csv_read-r00/light_small_csv_read/workload_stderr.txt""]",0.005517,False,2026-07-19T14:04:33Z,light_small_csv_read,0.005517
medium,light,completed,"{""dataset_size_signal_used"":false,""detected_terms"":[],""hint_count"":0,""raw_context_available"":false,""raw_context_stored"":false}",1000,500,,0.04,local-benchmark-orbstack-no-metrics,,False,,0,Completed,"[""small"",""medium""]",low_memory_short_io,"[""medium""]",fea62042374075e0abc724d2dfcd7752cb3bf865,Open a small CSV file and inspect a few columns.,{},953,732,36.6,intent_only,True,False,True,False,False,,20,,[],0,202607191103,acceptable,"[""data-processing context detected: csv""]",medium,1,python_resource_getrusage,0,20260719T140431Z-matrix-aed48949-intent_only-light_small_csv_read-r01,1.0.0,True,"[""experiments/raw/20260719T140431Z-matrix-aed48949/20260719T140431Z-matrix-aed48949-intent_only-light_small_csv_read-r01/light_small_csv_read/workload_stdout.jsonl"",""experiments/raw/20260719T140431Z-matrix-aed48949/20260719T140431Z-matrix-aed48949-intent_only-light_small_csv_read-r01/light_small_csv_read/workload_stderr.txt""]",0.004199,False,2026-07-19T14:04:33Z,light_small_csv_read,0.004199
medium,light,completed,"{""dataset_size_signal_used"":false,""detected_terms"":[],""hint_count"":0,""raw_context_available"":false,""raw_context_stored"":false}",1000,500,,0.04,local-benchmark-orbstack-no-metrics,,False,,0,Completed,"[""small"",""medium""]",low_memory_short_io,"[""medium""]",fea62042374075e0abc724d2dfcd7752cb3bf865,Open a small CSV file and inspect a few columns.,{},953,732,36.6,intent_only,True,False,True,False,False,,20,,[],0,202607191104,acceptable,"[""data-processing context detected: csv""]",medium,2,python_resource_getrusage,0,20260719T140431Z-matrix-aed48949-intent_only-light_small_csv_read-r02,1.0.0,True,"[""experiments/raw/20260719T140431Z-matrix-aed48949/20260719T140431Z-matrix-aed48949-intent_only-light_small_csv_read-r02/light_small_csv_read/workload_stdout.jsonl"",""experiments/raw/20260719T140431Z-matrix-aed48949/20260719T140431Z-matrix-aed48949-intent_only-light_small_csv_read-r02/light_small_csv_read/workload_stderr.txt""]",0.004449,False,2026-07-19T14:04:33Z,light_small_csv_read,0.004449
medium,light,completed,"{""dataset_size_signal_used"":false,""detected_terms"":[],""hint_count"":0,""raw_context_available"":false,""raw_context_stored"":false}",1000,500,,0.04,local-benchmark-orbstack-no-metrics,,False,,0,Completed,"[""small"",""medium""]",low_memory_short_io,"[""medium""]",fea62042374075e0abc724d2dfcd7752cb3bf865,Open a small CSV file and inspect a few columns.,{},953,732,36.6,intent_only,True,False,True,False,False,,20,,[],0,202607191105,acceptable,"[""data-processing context detected: csv""]",medium,3,python_resource_getrusage,0,20260719T140431Z-matrix-aed48949-intent_only-light_small_csv_read-r03,1.0.0,True,"[""experiments/raw/20260719T140431Z-matrix-aed48949/20260719T140431Z-matrix-aed48949-intent_only-light_small_csv_read-r03/light_small_csv_read/workload_stdout.jsonl"",""experiments/raw/20260719T140431Z-matrix-aed48949/20260719T140431Z-matrix-aed48949-intent_only-light_small_csv_read-r03/light_small_csv_read/workload_stderr.txt""]",0.004076,False,2026-07-19T14:04:33Z,light_small_csv_read,0.004076
medium,light,completed,"{""dataset_size_signal_used"":false,""detected_terms"":[],""hint_count"":0,""raw_context_available"":false,""raw_context_stored"":false}",1000,500,,0.04,local-benchmark-orbstack-no-metrics,,False,,0,Completed,"[""small"",""medium""]",low_memory_short_io,"[""medium""]",fea62042374075e0abc724d2dfcd7752cb3bf865,Open a small CSV file and inspect a few columns.,{},953,732,34.857143,intent_only,True,False,True,False,False,,21,,[],0,202607191106,acceptable,"[""data-processing context detected: csv""]",medium,4,python_resource_getrusage,0,20260719T140431Z-matrix-aed48949-intent_only-light_small_csv_read-r04,1.0.0,True,"[""experiments/raw/20260719T140431Z-matrix-aed48949/20260719T140431Z-matrix-aed48949-intent_only-light_small_csv_read-r04/light_small_csv_read/workload_stdout.jsonl"",""experiments/raw/20260719T140431Z-matrix-aed48949/20260719T140431Z-matrix-aed48949-intent_only-light_small_csv_read-r04/light_small_csv_read/workload_stderr.txt""]",0.004203,False,2026-07-19T14:04:33Z,light_small_csv_read,0.004203
medium,light,completed,"{""dataset_size_signal_used"":true,""detected_terms"":[""pandas"",""read_csv"",""csv""],""hint_count"":2,""raw_context_available"":true,""raw_context_stored"":false}",1000,500,,0.04,local-benchmark-orbstack-no-metrics,,False,,0,Completed,"[""small"",""medium""]",low_memory_short_io,"[""medium""]",fea62042374075e0abc724d2dfcd7752cb3bf865,Open a small CSV file and inspect a few columns.,{},953,732,36.6,context_aware,True,False,True,False,False,,20,,[],0,202607191102,acceptable,"[""data-processing context detected: pandas, read_csv, csv""]",medium,0,python_resource_getrusage,0,20260719T140431Z-matrix-aed48949-context_aware-light_small_csv_read-r00,1.0.0,True,"[""experiments/raw/20260719T140431Z-matrix-aed48949/20260719T140431Z-matrix-aed48949-context_aware-light_small_csv_read-r00/light_small_csv_read/workload_stdout.jsonl"",""experiments/raw/20260719T140431Z-matrix-aed48949/20260719T140431Z-matrix-aed48949-context_aware-light_small_csv_read-r00/light_small_csv_read/workload_stderr.txt""]",0.004106,False,2026-07-19T14:04:33Z,light_small_csv_read,0.004106
medium,light,completed,"{""dataset_size_signal_used"":true,""detected_terms"":[""pandas"",""read_csv"",""csv""],""hint_count"":2,""raw_context_available"":true,""raw_context_stored"":false}",1000,500,,0.04,local-benchmark-orbstack-no-metrics,,False,,0,Completed,"[""small"",""medium""]",low_memory_short_io,"[""medium""]",fea62042374075e0abc724d2dfcd7752cb3bf865,Open a small CSV file and inspect a few columns.,{},953,732,34.857143,context_aware,True,False,True,False,False,,21,,[],0,202607191103,acceptable,"[""data-processing context detected: pandas, read_csv, csv""]",medium,1,python_resource_getrusage,0,20260719T140431Z-matrix-aed48949-context_aware-light_small_csv_read-r01,1.0.0,True,"[""experiments/raw/20260719T140431Z-matrix-aed48949/20260719T140431Z-matrix-aed48949-context_aware-light_small_csv_read-r01/light_small_csv_read/workload_stdout.jsonl"",""experiments/raw/20260719T140431Z-matrix-aed48949/20260719T140431Z-matrix-aed48949-context_aware-light_small_csv_read-r01/light_small_csv_read/workload_stderr.txt""]",0.004182,False,2026-07-19T14:04:33Z,light_small_csv_read,0.004182
medium,light,completed,"{""dataset_size_signal_used"":true,""detected_terms"":[""pandas"",""read_csv"",""csv""],""hint_count"":2,""raw_context_available"":true,""raw_context_stored"":false}",1000,500,,0.04,local-benchmark-orbstack-no-metrics,,False,,0,Completed,"[""small"",""medium""]",low_memory_short_io,"[""medium""]",fea62042374075e0abc724d2dfcd7752cb3bf865,Open a small CSV file and inspect a few columns.,{},953,732,34.857143,context_aware,True,False,True,False,False,,21,,[],0,202607191104,acceptable,"[""data-processing context detected: pandas, read_csv, csv""]",medium,2,python_resource_getrusage,0,20260719T140431Z-matrix-aed48949-context_aware-light_small_csv_read-r02,1.0.0,True,"[""experiments/raw/20260719T140431Z-matrix-aed48949/20260719T140431Z-matrix-aed48949-context_aware-light_small_csv_read-r02/light_small_csv_read/workload_stdout.jsonl"",""experiments/raw/20260719T140431Z-matrix-aed48949/20260719T140431Z-matrix-aed48949-context_aware-light_small_csv_read-r02/light_small_csv_read/workload_stderr.txt""]",0.010752,False,2026-07-19T14:04:33Z,light_small_csv_read,0.010752
medium,light,completed,"{""dataset_size_signal_used"":true,""detected_terms"":[""pandas"",""read_csv"",""csv""],""hint_count"":2,""raw_context_available"":true,""raw_context_stored"":false}",1000,500,,0.04,local-benchmark-orbstack-no-metrics,,False,,0,Completed,"[""small"",""medium""]",low_memory_short_io,"[""medium""]",fea62042374075e0abc724d2dfcd7752cb3bf865,Open a small CSV file and inspect a few columns.,{},953,732,34.857143,context_aware,True,False,True,False,False,,21,,[],0,202607191105,acceptable,"[""data-processing context detected: pandas, read_csv, csv""]",medium,3,python_resource_getrusage,0,20260719T140431Z-matrix-aed48949-context_aware-light_small_csv_read-r03,1.0.0,True,"[""experiments/raw/20260719T140431Z-matrix-aed48949/20260719T140431Z-matrix-aed48949-context_aware-light_small_csv_read-r03/light_small_csv_read/workload_stdout.jsonl"",""experiments/raw/20260719T140431Z-matrix-aed48949/20260719T140431Z-matrix-aed48949-context_aware-light_small_csv_read-r03/light_small_csv_read/workload_stderr.txt""]",0.005421,False,2026-07-19T14:04:33Z,light_small_csv_read,0.005421
medium,light,completed,"{""dataset_size_signal_used"":true,""detected_terms"":[""pandas"",""read_csv"",""csv""],""hint_count"":2,""raw_context_available"":true,""raw_context_stored"":false}",1000,500,,0.04,local-benchmark-orbstack-no-metrics,,False,,0,Completed,"[""small"",""medium""]",low_memory_short_io,"[""medium""]",fea62042374075e0abc724d2dfcd7752cb3bf865,Open a small CSV file and inspect a few columns.,{},953,732,36.6,context_aware,True,False,True,False,False,,20,,[],0,202607191106,acceptable,"[""data-processing context detected: pandas, read_csv, csv""]",medium,4,python_resource_getrusage,0,20260719T140431Z-matrix-aed48949-context_aware-light_small_csv_read-r04,1.0.0,True,"[""experiments/raw/20260719T140431Z-matrix-aed48949/20260719T140431Z-matrix-aed48949-context_aware-light_small_csv_read-r04/light_small_csv_read/workload_stdout.jsonl"",""experiments/raw/20260719T140431Z-matrix-aed48949/20260719T140431Z-matrix-aed48949-context_aware-light_small_csv_read-r04/light_small_csv_read/workload_stderr.txt""]",0.004206,False,2026-07-19T14:04:33Z,light_small_csv_read,0.004206
small,light,completed,"{""dataset_size_signal_used"":false,""detected_terms"":[],""hint_count"":0,""raw_context_available"":false,""raw_context_stored"":false}",500,100,,0.08,local-benchmark-orbstack-no-metrics,,False,,0,Completed,"[""small"",""medium""]",low_cpu_low_memory,"[""small""]",fea62042374075e0abc724d2dfcd7752cb3bf865,Make a quick lightweight chart and aggregate a small sample.,{},366,244,11.619048,static_manual,True,False,True,False,False,,21,,[],0,202607191103,acceptable,"[""static/manual deterministic policy selected the smallest approved acceptable profile""]",,0,python_resource_getrusage,0,20260719T140431Z-matrix-aed48949-static_manual-light_visual_aggregation-r00,1.0.0,True,"[""experiments/raw/20260719T140431Z-matrix-aed48949/20260719T140431Z-matrix-aed48949-static_manual-light_visual_aggregation-r00/light_visual_aggregation/workload_stdout.jsonl"",""experiments/raw/20260719T140431Z-matrix-aed48949/20260719T140431Z-matrix-aed48949-static_manual-light_visual_aggregation-r00/light_visual_aggregation/workload_stderr.txt""]",0.000942,False,2026-07-19T14:04:33Z,light_visual_aggregation,0.000942
small,light,completed,"{""dataset_size_signal_used"":false,""detected_terms"":[],""hint_count"":0,""raw_context_available"":false,""raw_context_stored"":false}",500,100,,0.08,local-benchmark-orbstack-no-metrics,,False,,0,Completed,"[""small"",""medium""]",low_cpu_low_memory,"[""small""]",fea62042374075e0abc724d2dfcd7752cb3bf865,Make a quick lightweight chart and aggregate a small sample.,{},366,244,11.619048,static_manual,True,False,True,False,False,,21,,[],0,202607191104,acceptable,"[""static/manual deterministic policy selected the smallest approved acceptable profile""]",,1,python_resource_getrusage,0,20260719T140431Z-matrix-aed48949-static_manual-light_visual_aggregation-r01,1.0.0,True,"[""experiments/raw/20260719T140431Z-matrix-aed48949/20260719T140431Z-matrix-aed48949-static_manual-light_visual_aggregation-r01/light_visual_aggregation/workload_stdout.jsonl"",""experiments/raw/20260719T140431Z-matrix-aed48949/20260719T140431Z-matrix-aed48949-static_manual-light_visual_aggregation-r01/light_visual_aggregation/workload_stderr.txt""]",0.000914,False,2026-07-19T14:04:33Z,light_visual_aggregation,0.000914
small,light,completed,"{""dataset_size_signal_used"":false,""detected_terms"":[],""hint_count"":0,""raw_context_available"":false,""raw_context_stored"":false}",500,100,,0.08,local-benchmark-orbstack-no-metrics,,False,,0,Completed,"[""small"",""medium""]",low_cpu_low_memory,"[""small""]",fea62042374075e0abc724d2dfcd7752cb3bf865,Make a quick lightweight chart and aggregate a small sample.,{},366,244,11.619048,static_manual,True,False,True,False,False,,21,,[],0,202607191105,acceptable,"[""static/manual deterministic policy selected the smallest approved acceptable profile""]",,2,python_resource_getrusage,0,20260719T140431Z-matrix-aed48949-static_manual-light_visual_aggregation-r02,1.0.0,True,"[""experiments/raw/20260719T140431Z-matrix-aed48949/20260719T140431Z-matrix-aed48949-static_manual-light_visual_aggregation-r02/light_visual_aggregation/workload_stdout.jsonl"",""experiments/raw/20260719T140431Z-matrix-aed48949/20260719T140431Z-matrix-aed48949-static_manual-light_visual_aggregation-r02/light_visual_aggregation/workload_stderr.txt""]",0.000908,False,2026-07-19T14:04:34Z,light_visual_aggregation,0.000908
small,light,completed,"{""dataset_size_signal_used"":false,""detected_terms"":[],""hint_count"":0,""raw_context_available"":false,""raw_context_stored"":false}",500,100,,0.08,local-benchmark-orbstack-no-metrics,,False,,0,Completed,"[""small"",""medium""]",low_cpu_low_memory,"[""small""]",fea62042374075e0abc724d2dfcd7752cb3bf865,Make a quick lightweight chart and aggregate a small sample.,{},366,244,11.619048,static_manual,True,False,True,False,False,,21,,[],0,202607191106,acceptable,"[""static/manual deterministic policy selected the smallest approved acceptable profile""]",,3,python_resource_getrusage,0,20260719T140431Z-matrix-aed48949-static_manual-light_visual_aggregation-r03,1.0.0,True,"[""experiments/raw/20260719T140431Z-matrix-aed48949/20260719T140431Z-matrix-aed48949-static_manual-light_visual_aggregation-r03/light_visual_aggregation/workload_stdout.jsonl"",""experiments/raw/20260719T140431Z-matrix-aed48949/20260719T140431Z-matrix-aed48949-static_manual-light_visual_aggregation-r03/light_visual_aggregation/workload_stderr.txt""]",0.000953,False,2026-07-19T14:04:34Z,light_visual_aggregation,0.000953
small,light,completed,"{""dataset_size_signal_used"":false,""detected_terms"":[],""hint_count"":0,""raw_context_available"":false,""raw_context_stored"":false}",500,100,,0.08,local-benchmark-orbstack-no-metrics,,False,,0,Completed,"[""small"",""medium""]",low_cpu_low_memory,"[""small""]",fea62042374075e0abc724d2dfcd7752cb3bf865,Make a quick lightweight chart and aggregate a small sample.,{},366,244,12.2,static_manual,True,False,True,False,False,,20,,[],0,202607191107,acceptable,"[""static/manual deterministic policy selected the smallest approved acceptable profile""]",,4,python_resource_getrusage,0,20260719T140431Z-matrix-aed48949-static_manual-light_visual_aggregation-r04,1.0.0,True,"[""experiments/raw/20260719T140431Z-matrix-aed48949/20260719T140431Z-matrix-aed48949-static_manual-light_visual_aggregation-r04/light_visual_aggregation/workload_stdout.jsonl"",""experiments/raw/20260719T140431Z-matrix-aed48949/20260719T140431Z-matrix-aed48949-static_manual-light_visual_aggregation-r04/light_visual_aggregation/workload_stderr.txt""]",0.000907,False,2026-07-19T14:04:34Z,light_visual_aggregation,0.000907
small,light,completed,"{""dataset_size_signal_used"":false,""detected_terms"":[],""hint_count"":0,""raw_context_available"":false,""raw_context_stored"":false}",500,100,,0.08,local-benchmark-orbstack-no-metrics,,False,,0,Completed,"[""small"",""medium""]",low_cpu_low_memory,"[""small""]",fea62042374075e0abc724d2dfcd7752cb3bf865,Make a quick lightweight chart and aggregate a small sample.,{},366,244,12.2,intent_only,True,False,True,False,False,,20,,[],0,202607191103,acceptable,"[""basic/light workload context""]",small,0,python_resource_getrusage,0,20260719T140431Z-matrix-aed48949-intent_only-light_visual_aggregation-r00,1.0.0,True,"[""experiments/raw/20260719T140431Z-matrix-aed48949/20260719T140431Z-matrix-aed48949-intent_only-light_visual_aggregation-r00/light_visual_aggregation/workload_stdout.jsonl"",""experiments/raw/20260719T140431Z-matrix-aed48949/20260719T140431Z-matrix-aed48949-intent_only-light_visual_aggregation-r00/light_visual_aggregation/workload_stderr.txt""]",0.000901,False,2026-07-19T14:04:34Z,light_visual_aggregation,0.000901
small,light,completed,"{""dataset_size_signal_used"":false,""detected_terms"":[],""hint_count"":0,""raw_context_available"":false,""raw_context_stored"":false}",500,100,,0.08,local-benchmark-orbstack-no-metrics,,False,,0,Completed,"[""small"",""medium""]",low_cpu_low_memory,"[""small""]",fea62042374075e0abc724d2dfcd7752cb3bf865,Make a quick lightweight chart and aggregate a small sample.,{},366,244,11.619048,intent_only,True,False,True,False,False,,21,,[],0,202607191104,acceptable,"[""basic/light workload context""]",small,1,python_resource_getrusage,0,20260719T140431Z-matrix-aed48949-intent_only-light_visual_aggregation-r01,1.0.0,True,"[""experiments/raw/20260719T140431Z-matrix-aed48949/20260719T140431Z-matrix-aed48949-intent_only-light_visual_aggregation-r01/light_visual_aggregation/workload_stdout.jsonl"",""experiments/raw/20260719T140431Z-matrix-aed48949/20260719T140431Z-matrix-aed48949-intent_only-light_visual_aggregation-r01/light_visual_aggregation/workload_stderr.txt""]",0.00091,False,2026-07-19T14:04:34Z,light_visual_aggregation,0.00091
small,light,completed,"{""dataset_size_signal_used"":false,""detected_terms"":[],""hint_count"":0,""raw_context_available"":false,""raw_context_stored"":false}",500,100,,0.08,local-benchmark-orbstack-no-metrics,,False,,0,Completed,"[""small"",""medium""]",low_cpu_low_memory,"[""small""]",fea62042374075e0abc724d2dfcd7752cb3bf865,Make a quick lightweight chart and aggregate a small sample.,{},366,244,12.2,intent_only,True,False,True,False,False,,20,,[],0,202607191105,acceptable,"[""basic/light workload context""]",small,2,python_resource_getrusage,0,20260719T140431Z-matrix-aed48949-intent_only-light_visual_aggregation-r02,1.0.0,True,"[""experiments/raw/20260719T140431Z-matrix-aed48949/20260719T140431Z-matrix-aed48949-intent_only-light_visual_aggregation-r02/light_visual_aggregation/workload_stdout.jsonl"",""experiments/raw/20260719T140431Z-matrix-aed48949/20260719T140431Z-matrix-aed48949-intent_only-light_visual_aggregation-r02/light_visual_aggregation/workload_stderr.txt""]",0.000949,False,2026-07-19T14:04:34Z,light_visual_aggregation,0.000949
small,light,completed,"{""dataset_size_signal_used"":false,""detected_terms"":[],""hint_count"":0,""raw_context_available"":false,""raw_context_stored"":false}",500,100,,0.08,local-benchmark-orbstack-no-metrics,,False,,0,Completed,"[""small"",""medium""]",low_cpu_low_memory,"[""small""]",fea62042374075e0abc724d2dfcd7752cb3bf865,Make a quick lightweight chart and aggregate a small sample.,{},366,244,12.2,intent_only,True,False,True,False,False,,20,,[],0,202607191106,acceptable,"[""basic/light workload context""]",small,3,python_resource_getrusage,0,20260719T140431Z-matrix-aed48949-intent_only-light_visual_aggregation-r03,1.0.0,True,"[""experiments/raw/20260719T140431Z-matrix-aed48949/20260719T140431Z-matrix-aed48949-intent_only-light_visual_aggregation-r03/light_visual_aggregation/workload_stdout.jsonl"",""experiments/raw/20260719T140431Z-matrix-aed48949/20260719T140431Z-matrix-aed48949-intent_only-light_visual_aggregation-r03/light_visual_aggregation/workload_stderr.txt""]",0.000939,False,2026-07-19T14:04:34Z,light_visual_aggregation,0.000939
small,light,completed,"{""dataset_size_signal_used"":false,""detected_terms"":[],""hint_count"":0,""raw_context_available"":false,""raw_context_stored"":false}",500,100,,0.08,local-benchmark-orbstack-no-metrics,,False,,0,Completed,"[""small"",""medium""]",low_cpu_low_memory,"[""small""]",fea62042374075e0abc724d2dfcd7752cb3bf865,Make a quick lightweight chart and aggregate a small sample.,{},366,244,11.619048,intent_only,True,False,True,False,False,,21,,[],0,202607191107,acceptable,"[""basic/light workload context""]",small,4,python_resource_getrusage,0,20260719T140431Z-matrix-aed48949-intent_only-light_visual_aggregation-r04,1.0.0,True,"[""experiments/raw/20260719T140431Z-matrix-aed48949/20260719T140431Z-matrix-aed48949-intent_only-light_visual_aggregation-r04/light_visual_aggregation/workload_stdout.jsonl"",""experiments/raw/20260719T140431Z-matrix-aed48949/20260719T140431Z-matrix-aed48949-intent_only-light_visual_aggregation-r04/light_visual_aggregation/workload_stderr.txt""]",0.000902,False,2026-07-19T14:04:34Z,light_visual_aggregation,0.000902
small,light,completed,"{""dataset_size_signal_used"":true,""detected_terms"":[],""hint_count"":2,""raw_context_available"":true,""raw_context_stored"":false}",500,100,,0.08,local-benchmark-orbstack-no-metrics,,False,,0,Completed,"[""small"",""medium""]",low_cpu_low_memory,"[""small""]",fea62042374075e0abc724d2dfcd7752cb3bf865,Make a quick lightweight chart and aggregate a small sample.,{},366,244,11.619048,context_aware,True,False,True,False,False,,21,,[],0,202607191103,acceptable,"[""basic/light workload context""]",small,0,python_resource_getrusage,0,20260719T140431Z-matrix-aed48949-context_aware-light_visual_aggregation-r00,1.0.0,True,"[""experiments/raw/20260719T140431Z-matrix-aed48949/20260719T140431Z-matrix-aed48949-context_aware-light_visual_aggregation-r00/light_visual_aggregation/workload_stdout.jsonl"",""experiments/raw/20260719T140431Z-matrix-aed48949/20260719T140431Z-matrix-aed48949-context_aware-light_visual_aggregation-r00/light_visual_aggregation/workload_stderr.txt""]",0.000921,False,2026-07-19T14:04:34Z,light_visual_aggregation,0.000921
small,light,completed,"{""dataset_size_signal_used"":true,""detected_terms"":[],""hint_count"":2,""raw_context_available"":true,""raw_context_stored"":false}",500,100,,0.08,local-benchmark-orbstack-no-metrics,,False,,0,Completed,"[""small"",""medium""]",low_cpu_low_memory,"[""small""]",fea62042374075e0abc724d2dfcd7752cb3bf865,Make a quick lightweight chart and aggregate a small sample.,{},366,244,11.619048,context_aware,True,False,True,False,False,,21,,[],0,202607191104,acceptable,"[""basic/light workload context""]",small,1,python_resource_getrusage,0,20260719T140431Z-matrix-aed48949-context_aware-light_visual_aggregation-r01,1.0.0,True,"[""experiments/raw/20260719T140431Z-matrix-aed48949/20260719T140431Z-matrix-aed48949-context_aware-light_visual_aggregation-r01/light_visual_aggregation/workload_stdout.jsonl"",""experiments/raw/20260719T140431Z-matrix-aed48949/20260719T140431Z-matrix-aed48949-context_aware-light_visual_aggregation-r01/light_visual_aggregation/workload_stderr.txt""]",0.000963,False,2026-07-19T14:04:34Z,light_visual_aggregation,0.000963
small,light,completed,"{""dataset_size_signal_used"":true,""detected_terms"":[],""hint_count"":2,""raw_context_available"":true,""raw_context_stored"":false}",500,100,,0.08,local-benchmark-orbstack-no-metrics,,False,,0,Completed,"[""small"",""medium""]",low_cpu_low_memory,"[""small""]",fea62042374075e0abc724d2dfcd7752cb3bf865,Make a quick lightweight chart and aggregate a small sample.,{},366,244,11.619048,context_aware,True,False,True,False,False,,21,,[],0,202607191105,acceptable,"[""basic/light workload context""]",small,2,python_resource_getrusage,0,20260719T140431Z-matrix-aed48949-context_aware-light_visual_aggregation-r02,1.0.0,True,"[""experiments/raw/20260719T140431Z-matrix-aed48949/20260719T140431Z-matrix-aed48949-context_aware-light_visual_aggregation-r02/light_visual_aggregation/workload_stdout.jsonl"",""experiments/raw/20260719T140431Z-matrix-aed48949/20260719T140431Z-matrix-aed48949-context_aware-light_visual_aggregation-r02/light_visual_aggregation/workload_stderr.txt""]",0.000947,False,2026-07-19T14:04:34Z,light_visual_aggregation,0.000947
small,light,completed,"{""dataset_size_signal_used"":true,""detected_terms"":[],""hint_count"":2,""raw_context_available"":true,""raw_context_stored"":false}",500,100,,0.08,local-benchmark-orbstack-no-metrics,,False,,0,Completed,"[""small"",""medium""]",low_cpu_low_memory,"[""small""]",fea62042374075e0abc724d2dfcd7752cb3bf865,Make a quick lightweight chart and aggregate a small sample.,{},366,244,12.2,context_aware,True,False,True,False,False,,20,,[],0,202607191106,acceptable,"[""basic/light workload context""]",small,3,python_resource_getrusage,0,20260719T140431Z-matrix-aed48949-context_aware-light_visual_aggregation-r03,1.0.0,True,"[""experiments/raw/20260719T140431Z-matrix-aed48949/20260719T140431Z-matrix-aed48949-context_aware-light_visual_aggregation-r03/light_visual_aggregation/workload_stdout.jsonl"",""experiments/raw/20260719T140431Z-matrix-aed48949/20260719T140431Z-matrix-aed48949-context_aware-light_visual_aggregation-r03/light_visual_aggregation/workload_stderr.txt""]",0.00091,False,2026-07-19T14:04:34Z,light_visual_aggregation,0.00091
small,light,completed,"{""dataset_size_signal_used"":true,""detected_terms"":[],""hint_count"":2,""raw_context_available"":true,""raw_context_stored"":false}",500,100,,0.08,local-benchmark-orbstack-no-metrics,,False,,0,Completed,"[""small"",""medium""]",low_cpu_low_memory,"[""small""]",fea62042374075e0abc724d2dfcd7752cb3bf865,Make a quick lightweight chart and aggregate a small sample.,{},366,244,12.2,context_aware,True,False,True,False,False,,20,,[],0,202607191107,acceptable,"[""basic/light workload context""]",small,4,python_resource_getrusage,0,20260719T140431Z-matrix-aed48949-context_aware-light_visual_aggregation-r04,1.0.0,True,"[""experiments/raw/20260719T140431Z-matrix-aed48949/20260719T140431Z-matrix-aed48949-context_aware-light_visual_aggregation-r04/light_visual_aggregation/workload_stdout.jsonl"",""experiments/raw/20260719T140431Z-matrix-aed48949/20260719T140431Z-matrix-aed48949-context_aware-light_visual_aggregation-r04/light_visual_aggregation/workload_stderr.txt""]",0.000914,False,2026-07-19T14:04:34Z,light_visual_aggregation,0.000914
large,machine_learning,completed,"{""dataset_size_signal_used"":false,""detected_terms"":[],""hint_count"":0,""raw_context_available"":false,""raw_context_stored"":false}",2000,1500,,1.4,local-benchmark-orbstack-no-metrics,,False,,0,Completed,"[""large""]",high_cpu_moderate_memory_training,"[""large""]",fea62042374075e0abc724d2dfcd7752cb3bf865,Train a scikit-learn model on a medium CSV-like dataset.,{},1907,1464,69.714286,static_manual,True,False,True,False,False,,21,,[],0,202607193102,acceptable,"[""static/manual deterministic policy selected the smallest approved acceptable profile""]",,0,python_resource_getrusage,0,20260719T140431Z-matrix-aed48949-static_manual-ml_sklearn_fit_medium-r00,1.0.0,True,"[""experiments/raw/20260719T140431Z-matrix-aed48949/20260719T140431Z-matrix-aed48949-static_manual-ml_sklearn_fit_medium-r00/ml_sklearn_fit_medium/workload_stdout.jsonl"",""experiments/raw/20260719T140431Z-matrix-aed48949/20260719T140431Z-matrix-aed48949-static_manual-ml_sklearn_fit_medium-r00/ml_sklearn_fit_medium/workload_stderr.txt""]",0.153755,False,2026-07-19T14:04:38Z,ml_sklearn_fit_medium,0.153755
large,machine_learning,completed,"{""dataset_size_signal_used"":false,""detected_terms"":[],""hint_count"":0,""raw_context_available"":false,""raw_context_stored"":false}",2000,1500,,1.4,local-benchmark-orbstack-no-metrics,,False,,0,Completed,"[""large""]",high_cpu_moderate_memory_training,"[""large""]",fea62042374075e0abc724d2dfcd7752cb3bf865,Train a scikit-learn model on a medium CSV-like dataset.,{},1907,1464,69.714286,static_manual,True,False,True,False,False,,21,,[],0,202607193103,acceptable,"[""static/manual deterministic policy selected the smallest approved acceptable profile""]",,1,python_resource_getrusage,0,20260719T140431Z-matrix-aed48949-static_manual-ml_sklearn_fit_medium-r01,1.0.0,True,"[""experiments/raw/20260719T140431Z-matrix-aed48949/20260719T140431Z-matrix-aed48949-static_manual-ml_sklearn_fit_medium-r01/ml_sklearn_fit_medium/workload_stdout.jsonl"",""experiments/raw/20260719T140431Z-matrix-aed48949/20260719T140431Z-matrix-aed48949-static_manual-ml_sklearn_fit_medium-r01/ml_sklearn_fit_medium/workload_stderr.txt""]",0.152963,False,2026-07-19T14:04:38Z,ml_sklearn_fit_medium,0.152963
large,machine_learning,completed,"{""dataset_size_signal_used"":false,""detected_terms"":[],""hint_count"":0,""raw_context_available"":false,""raw_context_stored"":false}",2000,1500,,1.4,local-benchmark-orbstack-no-metrics,,False,,0,Completed,"[""large""]",high_cpu_moderate_memory_training,"[""large""]",fea62042374075e0abc724d2dfcd7752cb3bf865,Train a scikit-learn model on a medium CSV-like dataset.,{},1907,1464,73.2,static_manual,True,False,True,False,False,,20,,[],0,202607193104,acceptable,"[""static/manual deterministic policy selected the smallest approved acceptable profile""]",,2,python_resource_getrusage,0,20260719T140431Z-matrix-aed48949-static_manual-ml_sklearn_fit_medium-r02,1.0.0,True,"[""experiments/raw/20260719T140431Z-matrix-aed48949/20260719T140431Z-matrix-aed48949-static_manual-ml_sklearn_fit_medium-r02/ml_sklearn_fit_medium/workload_stdout.jsonl"",""experiments/raw/20260719T140431Z-matrix-aed48949/20260719T140431Z-matrix-aed48949-static_manual-ml_sklearn_fit_medium-r02/ml_sklearn_fit_medium/workload_stderr.txt""]",0.15373,False,2026-07-19T14:04:39Z,ml_sklearn_fit_medium,0.15373
large,machine_learning,completed,"{""dataset_size_signal_used"":false,""detected_terms"":[],""hint_count"":0,""raw_context_available"":false,""raw_context_stored"":false}",2000,1500,,1.4,local-benchmark-orbstack-no-metrics,,False,,0,Completed,"[""large""]",high_cpu_moderate_memory_training,"[""large""]",fea62042374075e0abc724d2dfcd7752cb3bf865,Train a scikit-learn model on a medium CSV-like dataset.,{},1907,1464,73.2,static_manual,True,False,True,False,False,,20,,[],0,202607193105,acceptable,"[""static/manual deterministic policy selected the smallest approved acceptable profile""]",,3,python_resource_getrusage,0,20260719T140431Z-matrix-aed48949-static_manual-ml_sklearn_fit_medium-r03,1.0.0,True,"[""experiments/raw/20260719T140431Z-matrix-aed48949/20260719T140431Z-matrix-aed48949-static_manual-ml_sklearn_fit_medium-r03/ml_sklearn_fit_medium/workload_stdout.jsonl"",""experiments/raw/20260719T140431Z-matrix-aed48949/20260719T140431Z-matrix-aed48949-static_manual-ml_sklearn_fit_medium-r03/ml_sklearn_fit_medium/workload_stderr.txt""]",0.15309,False,2026-07-19T14:04:39Z,ml_sklearn_fit_medium,0.15309
large,machine_learning,completed,"{""dataset_size_signal_used"":false,""detected_terms"":[],""hint_count"":0,""raw_context_available"":false,""raw_context_stored"":false}",2000,1500,,1.4,local-benchmark-orbstack-no-metrics,,False,,0,Completed,"[""large""]",high_cpu_moderate_memory_training,"[""large""]",fea62042374075e0abc724d2dfcd7752cb3bf865,Train a scikit-learn model on a medium CSV-like dataset.,{},1907,1464,73.2,static_manual,True,False,True,False,False,,20,,[],0,202607193106,acceptable,"[""static/manual deterministic policy selected the smallest approved acceptable profile""]",,4,python_resource_getrusage,0,20260719T140431Z-matrix-aed48949-static_manual-ml_sklearn_fit_medium-r04,1.0.0,True,"[""experiments/raw/20260719T140431Z-matrix-aed48949/20260719T140431Z-matrix-aed48949-static_manual-ml_sklearn_fit_medium-r04/ml_sklearn_fit_medium/workload_stdout.jsonl"",""experiments/raw/20260719T140431Z-matrix-aed48949/20260719T140431Z-matrix-aed48949-static_manual-ml_sklearn_fit_medium-r04/ml_sklearn_fit_medium/workload_stderr.txt""]",0.154646,False,2026-07-19T14:04:39Z,ml_sklearn_fit_medium,0.154646
large,machine_learning,completed,"{""dataset_size_signal_used"":false,""detected_terms"":[],""hint_count"":0,""raw_context_available"":false,""raw_context_stored"":false}",2000,1500,,1.4,local-benchmark-orbstack-no-metrics,,False,,0,Completed,"[""large""]",high_cpu_moderate_memory_training,"[""large""]",fea62042374075e0abc724d2dfcd7752cb3bf865,Train a scikit-learn model on a medium CSV-like dataset.,{},1907,1464,73.2,intent_only,True,False,True,False,False,,20,,[],0,202607193102,acceptable,"[""data-processing context detected: csv"",""training/modeling context detected: train, scikit-learn, model""]",large,0,python_resource_getrusage,0,20260719T140431Z-matrix-aed48949-intent_only-ml_sklearn_fit_medium-r00,1.0.0,True,"[""experiments/raw/20260719T140431Z-matrix-aed48949/20260719T140431Z-matrix-aed48949-intent_only-ml_sklearn_fit_medium-r00/ml_sklearn_fit_medium/workload_stdout.jsonl"",""experiments/raw/20260719T140431Z-matrix-aed48949/20260719T140431Z-matrix-aed48949-intent_only-ml_sklearn_fit_medium-r00/ml_sklearn_fit_medium/workload_stderr.txt""]",0.154866,False,2026-07-19T14:04:39Z,ml_sklearn_fit_medium,0.154866
large,machine_learning,completed,"{""dataset_size_signal_used"":false,""detected_terms"":[],""hint_count"":0,""raw_context_available"":false,""raw_context_stored"":false}",2000,1500,,1.4,local-benchmark-orbstack-no-metrics,,False,,0,Completed,"[""large""]",high_cpu_moderate_memory_training,"[""large""]",fea62042374075e0abc724d2dfcd7752cb3bf865,Train a scikit-learn model on a medium CSV-like dataset.,{},1907,1464,69.714286,intent_only,True,False,True,False,False,,21,,[],0,202607193103,acceptable,"[""data-processing context detected: csv"",""training/modeling context detected: train, scikit-learn, model""]",large,1,python_resource_getrusage,0,20260719T140431Z-matrix-aed48949-intent_only-ml_sklearn_fit_medium-r01,1.0.0,True,"[""experiments/raw/20260719T140431Z-matrix-aed48949/20260719T140431Z-matrix-aed48949-intent_only-ml_sklearn_fit_medium-r01/ml_sklearn_fit_medium/workload_stdout.jsonl"",""experiments/raw/20260719T140431Z-matrix-aed48949/20260719T140431Z-matrix-aed48949-intent_only-ml_sklearn_fit_medium-r01/ml_sklearn_fit_medium/workload_stderr.txt""]",0.15294,False,2026-07-19T14:04:39Z,ml_sklearn_fit_medium,0.15294
large,machine_learning,completed,"{""dataset_size_signal_used"":false,""detected_terms"":[],""hint_count"":0,""raw_context_available"":false,""raw_context_stored"":false}",2000,1500,,1.4,local-benchmark-orbstack-no-metrics,,False,,0,Completed,"[""large""]",high_cpu_moderate_memory_training,"[""large""]",fea62042374075e0abc724d2dfcd7752cb3bf865,Train a scikit-learn model on a medium CSV-like dataset.,{},1907,1464,73.2,intent_only,True,False,True,False,False,,20,,[],0,202607193104,acceptable,"[""data-processing context detected: csv"",""training/modeling context detected: train, scikit-learn, model""]",large,2,python_resource_getrusage,0,20260719T140431Z-matrix-aed48949-intent_only-ml_sklearn_fit_medium-r02,1.0.0,True,"[""experiments/raw/20260719T140431Z-matrix-aed48949/20260719T140431Z-matrix-aed48949-intent_only-ml_sklearn_fit_medium-r02/ml_sklearn_fit_medium/workload_stdout.jsonl"",""experiments/raw/20260719T140431Z-matrix-aed48949/20260719T140431Z-matrix-aed48949-intent_only-ml_sklearn_fit_medium-r02/ml_sklearn_fit_medium/workload_stderr.txt""]",0.154134,False,2026-07-19T14:04:40Z,ml_sklearn_fit_medium,0.154134
large,machine_learning,completed,"{""dataset_size_signal_used"":false,""detected_terms"":[],""hint_count"":0,""raw_context_available"":false,""raw_context_stored"":false}",2000,1500,,1.4,local-benchmark-orbstack-no-metrics,,False,,0,Completed,"[""large""]",high_cpu_moderate_memory_training,"[""large""]",fea62042374075e0abc724d2dfcd7752cb3bf865,Train a scikit-learn model on a medium CSV-like dataset.,{},1907,1464,69.714286,intent_only,True,False,True,False,False,,21,,[],0,202607193105,acceptable,"[""data-processing context detected: csv"",""training/modeling context detected: train, scikit-learn, model""]",large,3,python_resource_getrusage,0,20260719T140431Z-matrix-aed48949-intent_only-ml_sklearn_fit_medium-r03,1.0.0,True,"[""experiments/raw/20260719T140431Z-matrix-aed48949/20260719T140431Z-matrix-aed48949-intent_only-ml_sklearn_fit_medium-r03/ml_sklearn_fit_medium/workload_stdout.jsonl"",""experiments/raw/20260719T140431Z-matrix-aed48949/20260719T140431Z-matrix-aed48949-intent_only-ml_sklearn_fit_medium-r03/ml_sklearn_fit_medium/workload_stderr.txt""]",0.153111,False,2026-07-19T14:04:40Z,ml_sklearn_fit_medium,0.153111
large,machine_learning,completed,"{""dataset_size_signal_used"":false,""detected_terms"":[],""hint_count"":0,""raw_context_available"":false,""raw_context_stored"":false}",2000,1500,,1.4,local-benchmark-orbstack-no-metrics,,False,,0,Completed,"[""large""]",high_cpu_moderate_memory_training,"[""large""]",fea62042374075e0abc724d2dfcd7752cb3bf865,Train a scikit-learn model on a medium CSV-like dataset.,{},1907,1464,73.2,intent_only,True,False,True,False,False,,20,,[],0,202607193106,acceptable,"[""data-processing context detected: csv"",""training/modeling context detected: train, scikit-learn, model""]",large,4,python_resource_getrusage,0,20260719T140431Z-matrix-aed48949-intent_only-ml_sklearn_fit_medium-r04,1.0.0,True,"[""experiments/raw/20260719T140431Z-matrix-aed48949/20260719T140431Z-matrix-aed48949-intent_only-ml_sklearn_fit_medium-r04/ml_sklearn_fit_medium/workload_stdout.jsonl"",""experiments/raw/20260719T140431Z-matrix-aed48949/20260719T140431Z-matrix-aed48949-intent_only-ml_sklearn_fit_medium-r04/ml_sklearn_fit_medium/workload_stderr.txt""]",0.15272,False,2026-07-19T14:04:40Z,ml_sklearn_fit_medium,0.15272
large,machine_learning,completed,"{""dataset_size_signal_used"":true,""detected_terms"":[""pandas"",""fit"",""sklearn"",""model""],""hint_count"":3,""raw_context_available"":true,""raw_context_stored"":false}",2000,1500,,1.4,local-benchmark-orbstack-no-metrics,,False,,0,Completed,"[""large""]",high_cpu_moderate_memory_training,"[""large""]",fea62042374075e0abc724d2dfcd7752cb3bf865,Train a scikit-learn model on a medium CSV-like dataset.,{},1907,1464,73.2,context_aware,True,False,True,False,False,,20,,[],0,202607193102,acceptable,"[""dataset size >= 0.5GB"",""data-processing context detected: pandas, csv"",""training/modeling context detected: train, fit, .fit(, sklearn""]",large,0,python_resource_getrusage,0,20260719T140431Z-matrix-aed48949-context_aware-ml_sklearn_fit_medium-r00,1.0.0,True,"[""experiments/raw/20260719T140431Z-matrix-aed48949/20260719T140431Z-matrix-aed48949-context_aware-ml_sklearn_fit_medium-r00/ml_sklearn_fit_medium/workload_stdout.jsonl"",""experiments/raw/20260719T140431Z-matrix-aed48949/20260719T140431Z-matrix-aed48949-context_aware-ml_sklearn_fit_medium-r00/ml_sklearn_fit_medium/workload_stderr.txt""]",0.154084,False,2026-07-19T14:04:40Z,ml_sklearn_fit_medium,0.154084
large,machine_learning,completed,"{""dataset_size_signal_used"":true,""detected_terms"":[""pandas"",""fit"",""sklearn"",""model""],""hint_count"":3,""raw_context_available"":true,""raw_context_stored"":false}",2000,1500,,1.4,local-benchmark-orbstack-no-metrics,,False,,0,Completed,"[""large""]",high_cpu_moderate_memory_training,"[""large""]",fea62042374075e0abc724d2dfcd7752cb3bf865,Train a scikit-learn model on a medium CSV-like dataset.,{},1907,1464,69.714286,context_aware,True,False,True,False,False,,21,,[],0,202607193103,acceptable,"[""dataset size >= 0.5GB"",""data-processing context detected: pandas, csv"",""training/modeling context detected: train, fit, .fit(, sklearn""]",large,1,python_resource_getrusage,0,20260719T140431Z-matrix-aed48949-context_aware-ml_sklearn_fit_medium-r01,1.0.0,True,"[""experiments/raw/20260719T140431Z-matrix-aed48949/20260719T140431Z-matrix-aed48949-context_aware-ml_sklearn_fit_medium-r01/ml_sklearn_fit_medium/workload_stdout.jsonl"",""experiments/raw/20260719T140431Z-matrix-aed48949/20260719T140431Z-matrix-aed48949-context_aware-ml_sklearn_fit_medium-r01/ml_sklearn_fit_medium/workload_stderr.txt""]",0.153966,False,2026-07-19T14:04:40Z,ml_sklearn_fit_medium,0.153966
large,machine_learning,completed,"{""dataset_size_signal_used"":true,""detected_terms"":[""pandas"",""fit"",""sklearn"",""model""],""hint_count"":3,""raw_context_available"":true,""raw_context_stored"":false}",2000,1500,,1.4,local-benchmark-orbstack-no-metrics,,False,,0,Completed,"[""large""]",high_cpu_moderate_memory_training,"[""large""]",fea62042374075e0abc724d2dfcd7752cb3bf865,Train a scikit-learn model on a medium CSV-like dataset.,{},1907,1464,73.2,context_aware,True,False,True,False,False,,20,,[],0,202607193104,acceptable,"[""dataset size >= 0.5GB"",""data-processing context detected: pandas, csv"",""training/modeling context detected: train, fit, .fit(, sklearn""]",large,2,python_resource_getrusage,0,20260719T140431Z-matrix-aed48949-context_aware-ml_sklearn_fit_medium-r02,1.0.0,True,"[""experiments/raw/20260719T140431Z-matrix-aed48949/20260719T140431Z-matrix-aed48949-context_aware-ml_sklearn_fit_medium-r02/ml_sklearn_fit_medium/workload_stdout.jsonl"",""experiments/raw/20260719T140431Z-matrix-aed48949/20260719T140431Z-matrix-aed48949-context_aware-ml_sklearn_fit_medium-r02/ml_sklearn_fit_medium/workload_stderr.txt""]",0.154845,False,2026-07-19T14:04:41Z,ml_sklearn_fit_medium,0.154845
large,machine_learning,completed,"{""dataset_size_signal_used"":true,""detected_terms"":[""pandas"",""fit"",""sklearn"",""model""],""hint_count"":3,""raw_context_available"":true,""raw_context_stored"":false}",2000,1500,,1.4,local-benchmark-orbstack-no-metrics,,False,,0,Completed,"[""large""]",high_cpu_moderate_memory_training,"[""large""]",fea62042374075e0abc724d2dfcd7752cb3bf865,Train a scikit-learn model on a medium CSV-like dataset.,{},1907,1464,73.2,context_aware,True,False,True,False,False,,20,,[],0,202607193105,acceptable,"[""dataset size >= 0.5GB"",""data-processing context detected: pandas, csv"",""training/modeling context detected: train, fit, .fit(, sklearn""]",large,3,python_resource_getrusage,0,20260719T140431Z-matrix-aed48949-context_aware-ml_sklearn_fit_medium-r03,1.0.0,True,"[""experiments/raw/20260719T140431Z-matrix-aed48949/20260719T140431Z-matrix-aed48949-context_aware-ml_sklearn_fit_medium-r03/ml_sklearn_fit_medium/workload_stdout.jsonl"",""experiments/raw/20260719T140431Z-matrix-aed48949/20260719T140431Z-matrix-aed48949-context_aware-ml_sklearn_fit_medium-r03/ml_sklearn_fit_medium/workload_stderr.txt""]",0.152614,False,2026-07-19T14:04:41Z,ml_sklearn_fit_medium,0.152614
large,machine_learning,completed,"{""dataset_size_signal_used"":true,""detected_terms"":[""pandas"",""fit"",""sklearn"",""model""],""hint_count"":3,""raw_context_available"":true,""raw_context_stored"":false}",2000,1500,,1.4,local-benchmark-orbstack-no-metrics,,False,,0,Completed,"[""large""]",high_cpu_moderate_memory_training,"[""large""]",fea62042374075e0abc724d2dfcd7752cb3bf865,Train a scikit-learn model on a medium CSV-like dataset.,{},1907,1464,69.714286,context_aware,True,False,True,False,False,,21,,[],0,202607193106,acceptable,"[""dataset size >= 0.5GB"",""data-processing context detected: pandas, csv"",""training/modeling context detected: train, fit, .fit(, sklearn""]",large,4,python_resource_getrusage,0,20260719T140431Z-matrix-aed48949-context_aware-ml_sklearn_fit_medium-r04,1.0.0,True,"[""experiments/raw/20260719T140431Z-matrix-aed48949/20260719T140431Z-matrix-aed48949-context_aware-ml_sklearn_fit_medium-r04/ml_sklearn_fit_medium/workload_stdout.jsonl"",""experiments/raw/20260719T140431Z-matrix-aed48949/20260719T140431Z-matrix-aed48949-context_aware-ml_sklearn_fit_medium-r04/ml_sklearn_fit_medium/workload_stderr.txt""]",0.152846,False,2026-07-19T14:04:41Z,ml_sklearn_fit_medium,0.152846
large,machine_learning,completed,"{""dataset_size_signal_used"":false,""detected_terms"":[],""hint_count"":0,""raw_context_available"":false,""raw_context_stored"":false}",2000,1500,,2.4,local-benchmark-orbstack-no-metrics,,False,,0,Completed,"[""large""]",high_memory_training,"[""large""]",fea62042374075e0abc724d2dfcd7752cb3bf865,Train a larger scikit-learn model where feature construction may need more memory.,{},1907,1464,6.873239,static_manual,True,False,True,False,False,,213,,[],0,202607193103,acceptable,"[""static/manual deterministic policy selected the smallest approved acceptable profile""]",,0,python_resource_getrusage,0,20260719T140431Z-matrix-aed48949-static_manual-ml_sklearn_fit_memory_pressure-r00,1.0.0,True,"[""experiments/raw/20260719T140431Z-matrix-aed48949/20260719T140431Z-matrix-aed48949-static_manual-ml_sklearn_fit_memory_pressure-r00/ml_sklearn_fit_memory_pressure/workload_stdout.jsonl"",""experiments/raw/20260719T140431Z-matrix-aed48949/20260719T140431Z-matrix-aed48949-static_manual-ml_sklearn_fit_memory_pressure-r00/ml_sklearn_fit_memory_pressure/workload_stderr.txt""]",2.57331,False,2026-07-19T14:04:44Z,ml_sklearn_fit_memory_pressure,2.57331
large,machine_learning,completed,"{""dataset_size_signal_used"":false,""detected_terms"":[],""hint_count"":0,""raw_context_available"":false,""raw_context_stored"":false}",2000,1500,,2.4,local-benchmark-orbstack-no-metrics,,False,,0,Completed,"[""large""]",high_memory_training,"[""large""]",fea62042374075e0abc724d2dfcd7752cb3bf865,Train a larger scikit-learn model where feature construction may need more memory.,{},1907,1464,6.873239,static_manual,True,False,True,False,False,,213,,[],0,202607193104,acceptable,"[""static/manual deterministic policy selected the smallest approved acceptable profile""]",,1,python_resource_getrusage,0,20260719T140431Z-matrix-aed48949-static_manual-ml_sklearn_fit_memory_pressure-r01,1.0.0,True,"[""experiments/raw/20260719T140431Z-matrix-aed48949/20260719T140431Z-matrix-aed48949-static_manual-ml_sklearn_fit_memory_pressure-r01/ml_sklearn_fit_memory_pressure/workload_stdout.jsonl"",""experiments/raw/20260719T140431Z-matrix-aed48949/20260719T140431Z-matrix-aed48949-static_manual-ml_sklearn_fit_memory_pressure-r01/ml_sklearn_fit_memory_pressure/workload_stderr.txt""]",2.647352,False,2026-07-19T14:04:46Z,ml_sklearn_fit_memory_pressure,2.647352
large,machine_learning,completed,"{""dataset_size_signal_used"":false,""detected_terms"":[],""hint_count"":0,""raw_context_available"":false,""raw_context_stored"":false}",2000,1500,,2.4,local-benchmark-orbstack-no-metrics,,False,,0,Completed,"[""large""]",high_memory_training,"[""large""]",fea62042374075e0abc724d2dfcd7752cb3bf865,Train a larger scikit-learn model where feature construction may need more memory.,{},1907,1464,6.873239,static_manual,True,False,True,False,False,,213,,[],0,202607193105,acceptable,"[""static/manual deterministic policy selected the smallest approved acceptable profile""]",,2,python_resource_getrusage,0,20260719T140431Z-matrix-aed48949-static_manual-ml_sklearn_fit_memory_pressure-r02,1.0.0,True,"[""experiments/raw/20260719T140431Z-matrix-aed48949/20260719T140431Z-matrix-aed48949-static_manual-ml_sklearn_fit_memory_pressure-r02/ml_sklearn_fit_memory_pressure/workload_stdout.jsonl"",""experiments/raw/20260719T140431Z-matrix-aed48949/20260719T140431Z-matrix-aed48949-static_manual-ml_sklearn_fit_memory_pressure-r02/ml_sklearn_fit_memory_pressure/workload_stderr.txt""]",2.597435,False,2026-07-19T14:04:49Z,ml_sklearn_fit_memory_pressure,2.597435
large,machine_learning,completed,"{""dataset_size_signal_used"":false,""detected_terms"":[],""hint_count"":0,""raw_context_available"":false,""raw_context_stored"":false}",2000,1500,,2.4,local-benchmark-orbstack-no-metrics,,False,,0,Completed,"[""large""]",high_memory_training,"[""large""]",fea62042374075e0abc724d2dfcd7752cb3bf865,Train a larger scikit-learn model where feature construction may need more memory.,{},1907,1464,6.841121,static_manual,True,False,True,False,False,,214,,[],0,202607193106,acceptable,"[""static/manual deterministic policy selected the smallest approved acceptable profile""]",,3,python_resource_getrusage,0,20260719T140431Z-matrix-aed48949-static_manual-ml_sklearn_fit_memory_pressure-r03,1.0.0,True,"[""experiments/raw/20260719T140431Z-matrix-aed48949/20260719T140431Z-matrix-aed48949-static_manual-ml_sklearn_fit_memory_pressure-r03/ml_sklearn_fit_memory_pressure/workload_stdout.jsonl"",""experiments/raw/20260719T140431Z-matrix-aed48949/20260719T140431Z-matrix-aed48949-static_manual-ml_sklearn_fit_memory_pressure-r03/ml_sklearn_fit_memory_pressure/workload_stderr.txt""]",2.581365,False,2026-07-19T14:04:52Z,ml_sklearn_fit_memory_pressure,2.581365
large,machine_learning,completed,"{""dataset_size_signal_used"":false,""detected_terms"":[],""hint_count"":0,""raw_context_available"":false,""raw_context_stored"":false}",2000,1500,,2.4,local-benchmark-orbstack-no-metrics,,False,,0,Completed,"[""large""]",high_memory_training,"[""large""]",fea62042374075e0abc724d2dfcd7752cb3bf865,Train a larger scikit-learn model where feature construction may need more memory.,{},1907,1464,6.873239,static_manual,True,False,True,False,False,,213,,[],0,202607193107,acceptable,"[""static/manual deterministic policy selected the smallest approved acceptable profile""]",,4,python_resource_getrusage,0,20260719T140431Z-matrix-aed48949-static_manual-ml_sklearn_fit_memory_pressure-r04,1.0.0,True,"[""experiments/raw/20260719T140431Z-matrix-aed48949/20260719T140431Z-matrix-aed48949-static_manual-ml_sklearn_fit_memory_pressure-r04/ml_sklearn_fit_memory_pressure/workload_stdout.jsonl"",""experiments/raw/20260719T140431Z-matrix-aed48949/20260719T140431Z-matrix-aed48949-static_manual-ml_sklearn_fit_memory_pressure-r04/ml_sklearn_fit_memory_pressure/workload_stderr.txt""]",2.57455,False,2026-07-19T14:04:54Z,ml_sklearn_fit_memory_pressure,2.57455
medium,machine_learning,completed,"{""dataset_size_signal_used"":false,""detected_terms"":[],""hint_count"":0,""raw_context_available"":false,""raw_context_stored"":false}",1000,500,,2.4,local-benchmark-orbstack-no-metrics,,False,,0,Completed,"[""large""]",high_memory_training,"[""large""]",fea62042374075e0abc724d2dfcd7752cb3bf865,Train a larger scikit-learn model where feature construction may need more memory.,{},953,732,3.43662,intent_only,True,False,True,False,False,,213,,[],-1,202607193103,under,"[""training/modeling context detected: train, scikit-learn, model""]",medium,0,python_resource_getrusage,0,20260719T140431Z-matrix-aed48949-intent_only-ml_sklearn_fit_memory_pressure-r00,1.0.0,True,"[""experiments/raw/20260719T140431Z-matrix-aed48949/20260719T140431Z-matrix-aed48949-intent_only-ml_sklearn_fit_memory_pressure-r00/ml_sklearn_fit_memory_pressure/workload_stdout.jsonl"",""experiments/raw/20260719T140431Z-matrix-aed48949/20260719T140431Z-matrix-aed48949-intent_only-ml_sklearn_fit_memory_pressure-r00/ml_sklearn_fit_memory_pressure/workload_stderr.txt""]",2.607373,False,2026-07-19T14:04:57Z,ml_sklearn_fit_memory_pressure,2.607373
medium,machine_learning,completed,"{""dataset_size_signal_used"":false,""detected_terms"":[],""hint_count"":0,""raw_context_available"":false,""raw_context_stored"":false}",1000,500,,2.4,local-benchmark-orbstack-no-metrics,,False,,0,Completed,"[""large""]",high_memory_training,"[""large""]",fea62042374075e0abc724d2dfcd7752cb3bf865,Train a larger scikit-learn model where feature construction may need more memory.,{},953,732,3.43662,intent_only,True,False,True,False,False,,213,,[],-1,202607193104,under,"[""training/modeling context detected: train, scikit-learn, model""]",medium,1,python_resource_getrusage,0,20260719T140431Z-matrix-aed48949-intent_only-ml_sklearn_fit_memory_pressure-r01,1.0.0,True,"[""experiments/raw/20260719T140431Z-matrix-aed48949/20260719T140431Z-matrix-aed48949-intent_only-ml_sklearn_fit_memory_pressure-r01/ml_sklearn_fit_memory_pressure/workload_stdout.jsonl"",""experiments/raw/20260719T140431Z-matrix-aed48949/20260719T140431Z-matrix-aed48949-intent_only-ml_sklearn_fit_memory_pressure-r01/ml_sklearn_fit_memory_pressure/workload_stderr.txt""]",2.636954,False,2026-07-19T14:05:00Z,ml_sklearn_fit_memory_pressure,2.636954
medium,machine_learning,completed,"{""dataset_size_signal_used"":false,""detected_terms"":[],""hint_count"":0,""raw_context_available"":false,""raw_context_stored"":false}",1000,500,,2.4,local-benchmark-orbstack-no-metrics,,False,,0,Completed,"[""large""]",high_memory_training,"[""large""]",fea62042374075e0abc724d2dfcd7752cb3bf865,Train a larger scikit-learn model where feature construction may need more memory.,{},953,732,3.420561,intent_only,True,False,True,False,False,,214,,[],-1,202607193105,under,"[""training/modeling context detected: train, scikit-learn, model""]",medium,2,python_resource_getrusage,0,20260719T140431Z-matrix-aed48949-intent_only-ml_sklearn_fit_memory_pressure-r02,1.0.0,True,"[""experiments/raw/20260719T140431Z-matrix-aed48949/20260719T140431Z-matrix-aed48949-intent_only-ml_sklearn_fit_memory_pressure-r02/ml_sklearn_fit_memory_pressure/workload_stdout.jsonl"",""experiments/raw/20260719T140431Z-matrix-aed48949/20260719T140431Z-matrix-aed48949-intent_only-ml_sklearn_fit_memory_pressure-r02/ml_sklearn_fit_memory_pressure/workload_stderr.txt""]",2.636798,False,2026-07-19T14:05:03Z,ml_sklearn_fit_memory_pressure,2.636798
medium,machine_learning,completed,"{""dataset_size_signal_used"":false,""detected_terms"":[],""hint_count"":0,""raw_context_available"":false,""raw_context_stored"":false}",1000,500,,2.4,local-benchmark-orbstack-no-metrics,,False,,0,Completed,"[""large""]",high_memory_training,"[""large""]",fea62042374075e0abc724d2dfcd7752cb3bf865,Train a larger scikit-learn model where feature construction may need more memory.,{},953,732,3.43662,intent_only,True,False,True,False,False,,213,,[],-1,202607193106,under,"[""training/modeling context detected: train, scikit-learn, model""]",medium,3,python_resource_getrusage,0,20260719T140431Z-matrix-aed48949-intent_only-ml_sklearn_fit_memory_pressure-r03,1.0.0,True,"[""experiments/raw/20260719T140431Z-matrix-aed48949/20260719T140431Z-matrix-aed48949-intent_only-ml_sklearn_fit_memory_pressure-r03/ml_sklearn_fit_memory_pressure/workload_stdout.jsonl"",""experiments/raw/20260719T140431Z-matrix-aed48949/20260719T140431Z-matrix-aed48949-intent_only-ml_sklearn_fit_memory_pressure-r03/ml_sklearn_fit_memory_pressure/workload_stderr.txt""]",2.577443,False,2026-07-19T14:05:05Z,ml_sklearn_fit_memory_pressure,2.577443
medium,machine_learning,completed,"{""dataset_size_signal_used"":false,""detected_terms"":[],""hint_count"":0,""raw_context_available"":false,""raw_context_stored"":false}",1000,500,,2.4,local-benchmark-orbstack-no-metrics,,False,,0,Completed,"[""large""]",high_memory_training,"[""large""]",fea62042374075e0abc724d2dfcd7752cb3bf865,Train a larger scikit-learn model where feature construction may need more memory.,{},953,732,3.43662,intent_only,True,False,True,False,False,,213,,[],-1,202607193107,under,"[""training/modeling context detected: train, scikit-learn, model""]",medium,4,python_resource_getrusage,0,20260719T140431Z-matrix-aed48949-intent_only-ml_sklearn_fit_memory_pressure-r04,1.0.0,True,"[""experiments/raw/20260719T140431Z-matrix-aed48949/20260719T140431Z-matrix-aed48949-intent_only-ml_sklearn_fit_memory_pressure-r04/ml_sklearn_fit_memory_pressure/workload_stdout.jsonl"",""experiments/raw/20260719T140431Z-matrix-aed48949/20260719T140431Z-matrix-aed48949-intent_only-ml_sklearn_fit_memory_pressure-r04/ml_sklearn_fit_memory_pressure/workload_stderr.txt""]",2.748984,False,2026-07-19T14:05:08Z,ml_sklearn_fit_memory_pressure,2.748984
large,machine_learning,completed,"{""dataset_size_signal_used"":true,""detected_terms"":[""pandas"",""train"",""fit"",""sklearn"",""model""],""hint_count"":3,""raw_context_available"":true,""raw_context_stored"":false}",2000,1500,,2.4,local-benchmark-orbstack-no-metrics,,False,,0,Completed,"[""large""]",high_memory_training,"[""large""]",fea62042374075e0abc724d2dfcd7752cb3bf865,Train a larger scikit-learn model where feature construction may need more memory.,{},1907,1464,6.873239,context_aware,True,False,True,False,False,,213,,[],0,202607193103,acceptable,"[""dataset size >= 2GB"",""data-processing context detected: pandas"",""training/modeling context detected: train, fit, .fit(, sklearn""]",large,0,python_resource_getrusage,0,20260719T140431Z-matrix-aed48949-context_aware-ml_sklearn_fit_memory_pressure-r00,1.0.0,True,"[""experiments/raw/20260719T140431Z-matrix-aed48949/20260719T140431Z-matrix-aed48949-context_aware-ml_sklearn_fit_memory_pressure-r00/ml_sklearn_fit_memory_pressure/workload_stdout.jsonl"",""experiments/raw/20260719T140431Z-matrix-aed48949/20260719T140431Z-matrix-aed48949-context_aware-ml_sklearn_fit_memory_pressure-r00/ml_sklearn_fit_memory_pressure/workload_stderr.txt""]",2.682601,False,2026-07-19T14:05:11Z,ml_sklearn_fit_memory_pressure,2.682601
large,machine_learning,completed,"{""dataset_size_signal_used"":true,""detected_terms"":[""pandas"",""train"",""fit"",""sklearn"",""model""],""hint_count"":3,""raw_context_available"":true,""raw_context_stored"":false}",2000,1500,,2.4,local-benchmark-orbstack-no-metrics,,False,,0,Completed,"[""large""]",high_memory_training,"[""large""]",fea62042374075e0abc724d2dfcd7752cb3bf865,Train a larger scikit-learn model where feature construction may need more memory.,{},1907,1464,6.873239,context_aware,True,False,True,False,False,,213,,[],0,202607193104,acceptable,"[""dataset size >= 2GB"",""data-processing context detected: pandas"",""training/modeling context detected: train, fit, .fit(, sklearn""]",large,1,python_resource_getrusage,0,20260719T140431Z-matrix-aed48949-context_aware-ml_sklearn_fit_memory_pressure-r01,1.0.0,True,"[""experiments/raw/20260719T140431Z-matrix-aed48949/20260719T140431Z-matrix-aed48949-context_aware-ml_sklearn_fit_memory_pressure-r01/ml_sklearn_fit_memory_pressure/workload_stdout.jsonl"",""experiments/raw/20260719T140431Z-matrix-aed48949/20260719T140431Z-matrix-aed48949-context_aware-ml_sklearn_fit_memory_pressure-r01/ml_sklearn_fit_memory_pressure/workload_stderr.txt""]",2.592287,False,2026-07-19T14:05:13Z,ml_sklearn_fit_memory_pressure,2.592287
large,machine_learning,completed,"{""dataset_size_signal_used"":true,""detected_terms"":[""pandas"",""train"",""fit"",""sklearn"",""model""],""hint_count"":3,""raw_context_available"":true,""raw_context_stored"":false}",2000,1500,,2.4,local-benchmark-orbstack-no-metrics,,False,,0,Completed,"[""large""]",high_memory_training,"[""large""]",fea62042374075e0abc724d2dfcd7752cb3bf865,Train a larger scikit-learn model where feature construction may need more memory.,{},1907,1464,6.873239,context_aware,True,False,True,False,False,,213,,[],0,202607193105,acceptable,"[""dataset size >= 2GB"",""data-processing context detected: pandas"",""training/modeling context detected: train, fit, .fit(, sklearn""]",large,2,python_resource_getrusage,0,20260719T140431Z-matrix-aed48949-context_aware-ml_sklearn_fit_memory_pressure-r02,1.0.0,True,"[""experiments/raw/20260719T140431Z-matrix-aed48949/20260719T140431Z-matrix-aed48949-context_aware-ml_sklearn_fit_memory_pressure-r02/ml_sklearn_fit_memory_pressure/workload_stdout.jsonl"",""experiments/raw/20260719T140431Z-matrix-aed48949/20260719T140431Z-matrix-aed48949-context_aware-ml_sklearn_fit_memory_pressure-r02/ml_sklearn_fit_memory_pressure/workload_stderr.txt""]",2.685573,False,2026-07-19T14:05:16Z,ml_sklearn_fit_memory_pressure,2.685573
large,machine_learning,completed,"{""dataset_size_signal_used"":true,""detected_terms"":[""pandas"",""train"",""fit"",""sklearn"",""model""],""hint_count"":3,""raw_context_available"":true,""raw_context_stored"":false}",2000,1500,,2.4,local-benchmark-orbstack-no-metrics,,False,,0,Completed,"[""large""]",high_memory_training,"[""large""]",fea62042374075e0abc724d2dfcd7752cb3bf865,Train a larger scikit-learn model where feature construction may need more memory.,{},1907,1464,6.873239,context_aware,True,False,True,False,False,,213,,[],0,202607193106,acceptable,"[""dataset size >= 2GB"",""data-processing context detected: pandas"",""training/modeling context detected: train, fit, .fit(, sklearn""]",large,3,python_resource_getrusage,0,20260719T140431Z-matrix-aed48949-context_aware-ml_sklearn_fit_memory_pressure-r03,1.0.0,True,"[""experiments/raw/20260719T140431Z-matrix-aed48949/20260719T140431Z-matrix-aed48949-context_aware-ml_sklearn_fit_memory_pressure-r03/ml_sklearn_fit_memory_pressure/workload_stdout.jsonl"",""experiments/raw/20260719T140431Z-matrix-aed48949/20260719T140431Z-matrix-aed48949-context_aware-ml_sklearn_fit_memory_pressure-r03/ml_sklearn_fit_memory_pressure/workload_stderr.txt""]",2.673872,False,2026-07-19T14:05:19Z,ml_sklearn_fit_memory_pressure,2.673872
large,machine_learning,completed,"{""dataset_size_signal_used"":true,""detected_terms"":[""pandas"",""train"",""fit"",""sklearn"",""model""],""hint_count"":3,""raw_context_available"":true,""raw_context_stored"":false}",2000,1500,,2.4,local-benchmark-orbstack-no-metrics,,False,,0,Completed,"[""large""]",high_memory_training,"[""large""]",fea62042374075e0abc724d2dfcd7752cb3bf865,Train a larger scikit-learn model where feature construction may need more memory.,{},1907,1464,6.90566,context_aware,True,False,True,False,False,,212,,[],0,202607193107,acceptable,"[""dataset size >= 2GB"",""data-processing context detected: pandas"",""training/modeling context detected: train, fit, .fit(, sklearn""]",large,4,python_resource_getrusage,0,20260719T140431Z-matrix-aed48949-context_aware-ml_sklearn_fit_memory_pressure-r04,1.0.0,True,"[""experiments/raw/20260719T140431Z-matrix-aed48949/20260719T140431Z-matrix-aed48949-context_aware-ml_sklearn_fit_memory_pressure-r04/ml_sklearn_fit_memory_pressure/workload_stdout.jsonl"",""experiments/raw/20260719T140431Z-matrix-aed48949/20260719T140431Z-matrix-aed48949-context_aware-ml_sklearn_fit_memory_pressure-r04/ml_sklearn_fit_memory_pressure/workload_stderr.txt""]",2.604357,False,2026-07-19T14:05:22Z,ml_sklearn_fit_memory_pressure,2.604357
medium,machine_learning,completed,"{""dataset_size_signal_used"":false,""detected_terms"":[],""hint_count"":0,""raw_context_available"":false,""raw_context_stored"":false}",1000,500,,0.2,local-benchmark-orbstack-no-metrics,,False,,0,Completed,"[""medium"",""large""]",moderate_cpu_training,"[""medium""]",fea62042374075e0abc724d2dfcd7752cb3bf865,Fit a small scikit-learn classifier on a toy generated dataset.,{},953,732,34.857143,static_manual,True,False,True,False,False,,21,,[],0,202607193101,acceptable,"[""static/manual deterministic policy selected the smallest approved acceptable profile""]",,0,python_resource_getrusage,0,20260719T140431Z-matrix-aed48949-static_manual-ml_sklearn_fit_small-r00,1.0.0,True,"[""experiments/raw/20260719T140431Z-matrix-aed48949/20260719T140431Z-matrix-aed48949-static_manual-ml_sklearn_fit_small-r00/ml_sklearn_fit_small/workload_stdout.jsonl"",""experiments/raw/20260719T140431Z-matrix-aed48949/20260719T140431Z-matrix-aed48949-static_manual-ml_sklearn_fit_small-r00/ml_sklearn_fit_small/workload_stderr.txt""]",0.005079,False,2026-07-19T14:04:37Z,ml_sklearn_fit_small,0.005079
medium,machine_learning,completed,"{""dataset_size_signal_used"":false,""detected_terms"":[],""hint_count"":0,""raw_context_available"":false,""raw_context_stored"":false}",1000,500,,0.2,local-benchmark-orbstack-no-metrics,,False,,0,Completed,"[""medium"",""large""]",moderate_cpu_training,"[""medium""]",fea62042374075e0abc724d2dfcd7752cb3bf865,Fit a small scikit-learn classifier on a toy generated dataset.,{},953,732,34.857143,static_manual,True,False,True,False,False,,21,,[],0,202607193102,acceptable,"[""static/manual deterministic policy selected the smallest approved acceptable profile""]",,1,python_resource_getrusage,0,20260719T140431Z-matrix-aed48949-static_manual-ml_sklearn_fit_small-r01,1.0.0,True,"[""experiments/raw/20260719T140431Z-matrix-aed48949/20260719T140431Z-matrix-aed48949-static_manual-ml_sklearn_fit_small-r01/ml_sklearn_fit_small/workload_stdout.jsonl"",""experiments/raw/20260719T140431Z-matrix-aed48949/20260719T140431Z-matrix-aed48949-static_manual-ml_sklearn_fit_small-r01/ml_sklearn_fit_small/workload_stderr.txt""]",0.004798,False,2026-07-19T14:04:37Z,ml_sklearn_fit_small,0.004798
medium,machine_learning,completed,"{""dataset_size_signal_used"":false,""detected_terms"":[],""hint_count"":0,""raw_context_available"":false,""raw_context_stored"":false}",1000,500,,0.2,local-benchmark-orbstack-no-metrics,,False,,0,Completed,"[""medium"",""large""]",moderate_cpu_training,"[""medium""]",fea62042374075e0abc724d2dfcd7752cb3bf865,Fit a small scikit-learn classifier on a toy generated dataset.,{},953,732,36.6,static_manual,True,False,True,False,False,,20,,[],0,202607193103,acceptable,"[""static/manual deterministic policy selected the smallest approved acceptable profile""]",,2,python_resource_getrusage,0,20260719T140431Z-matrix-aed48949-static_manual-ml_sklearn_fit_small-r02,1.0.0,True,"[""experiments/raw/20260719T140431Z-matrix-aed48949/20260719T140431Z-matrix-aed48949-static_manual-ml_sklearn_fit_small-r02/ml_sklearn_fit_small/workload_stdout.jsonl"",""experiments/raw/20260719T140431Z-matrix-aed48949/20260719T140431Z-matrix-aed48949-static_manual-ml_sklearn_fit_small-r02/ml_sklearn_fit_small/workload_stderr.txt""]",0.004925,False,2026-07-19T14:04:37Z,ml_sklearn_fit_small,0.004925
medium,machine_learning,completed,"{""dataset_size_signal_used"":false,""detected_terms"":[],""hint_count"":0,""raw_context_available"":false,""raw_context_stored"":false}",1000,500,,0.2,local-benchmark-orbstack-no-metrics,,False,,0,Completed,"[""medium"",""large""]",moderate_cpu_training,"[""medium""]",fea62042374075e0abc724d2dfcd7752cb3bf865,Fit a small scikit-learn classifier on a toy generated dataset.,{},953,732,36.6,static_manual,True,False,True,False,False,,20,,[],0,202607193104,acceptable,"[""static/manual deterministic policy selected the smallest approved acceptable profile""]",,3,python_resource_getrusage,0,20260719T140431Z-matrix-aed48949-static_manual-ml_sklearn_fit_small-r03,1.0.0,True,"[""experiments/raw/20260719T140431Z-matrix-aed48949/20260719T140431Z-matrix-aed48949-static_manual-ml_sklearn_fit_small-r03/ml_sklearn_fit_small/workload_stdout.jsonl"",""experiments/raw/20260719T140431Z-matrix-aed48949/20260719T140431Z-matrix-aed48949-static_manual-ml_sklearn_fit_small-r03/ml_sklearn_fit_small/workload_stderr.txt""]",0.004761,False,2026-07-19T14:04:37Z,ml_sklearn_fit_small,0.004761
medium,machine_learning,completed,"{""dataset_size_signal_used"":false,""detected_terms"":[],""hint_count"":0,""raw_context_available"":false,""raw_context_stored"":false}",1000,500,,0.2,local-benchmark-orbstack-no-metrics,,False,,0,Completed,"[""medium"",""large""]",moderate_cpu_training,"[""medium""]",fea62042374075e0abc724d2dfcd7752cb3bf865,Fit a small scikit-learn classifier on a toy generated dataset.,{},953,732,36.6,static_manual,True,False,True,False,False,,20,,[],0,202607193105,acceptable,"[""static/manual deterministic policy selected the smallest approved acceptable profile""]",,4,python_resource_getrusage,0,20260719T140431Z-matrix-aed48949-static_manual-ml_sklearn_fit_small-r04,1.0.0,True,"[""experiments/raw/20260719T140431Z-matrix-aed48949/20260719T140431Z-matrix-aed48949-static_manual-ml_sklearn_fit_small-r04/ml_sklearn_fit_small/workload_stdout.jsonl"",""experiments/raw/20260719T140431Z-matrix-aed48949/20260719T140431Z-matrix-aed48949-static_manual-ml_sklearn_fit_small-r04/ml_sklearn_fit_small/workload_stderr.txt""]",0.004882,False,2026-07-19T14:04:37Z,ml_sklearn_fit_small,0.004882
medium,machine_learning,completed,"{""dataset_size_signal_used"":false,""detected_terms"":[],""hint_count"":0,""raw_context_available"":false,""raw_context_stored"":false}",1000,500,,0.2,local-benchmark-orbstack-no-metrics,,False,,0,Completed,"[""medium"",""large""]",moderate_cpu_training,"[""medium""]",fea62042374075e0abc724d2dfcd7752cb3bf865,Fit a small scikit-learn classifier on a toy generated dataset.,{},953,732,34.857143,intent_only,True,False,True,False,False,,21,,[],0,202607193101,acceptable,"[""training/modeling context detected: fit, scikit-learn""]",medium,0,python_resource_getrusage,0,20260719T140431Z-matrix-aed48949-intent_only-ml_sklearn_fit_small-r00,1.0.0,True,"[""experiments/raw/20260719T140431Z-matrix-aed48949/20260719T140431Z-matrix-aed48949-intent_only-ml_sklearn_fit_small-r00/ml_sklearn_fit_small/workload_stdout.jsonl"",""experiments/raw/20260719T140431Z-matrix-aed48949/20260719T140431Z-matrix-aed48949-intent_only-ml_sklearn_fit_small-r00/ml_sklearn_fit_small/workload_stderr.txt""]",0.004794,False,2026-07-19T14:04:37Z,ml_sklearn_fit_small,0.004794
medium,machine_learning,completed,"{""dataset_size_signal_used"":false,""detected_terms"":[],""hint_count"":0,""raw_context_available"":false,""raw_context_stored"":false}",1000,500,,0.2,local-benchmark-orbstack-no-metrics,,False,,0,Completed,"[""medium"",""large""]",moderate_cpu_training,"[""medium""]",fea62042374075e0abc724d2dfcd7752cb3bf865,Fit a small scikit-learn classifier on a toy generated dataset.,{},953,732,34.857143,intent_only,True,False,True,False,False,,21,,[],0,202607193102,acceptable,"[""training/modeling context detected: fit, scikit-learn""]",medium,1,python_resource_getrusage,0,20260719T140431Z-matrix-aed48949-intent_only-ml_sklearn_fit_small-r01,1.0.0,True,"[""experiments/raw/20260719T140431Z-matrix-aed48949/20260719T140431Z-matrix-aed48949-intent_only-ml_sklearn_fit_small-r01/ml_sklearn_fit_small/workload_stdout.jsonl"",""experiments/raw/20260719T140431Z-matrix-aed48949/20260719T140431Z-matrix-aed48949-intent_only-ml_sklearn_fit_small-r01/ml_sklearn_fit_small/workload_stderr.txt""]",0.005092,False,2026-07-19T14:04:37Z,ml_sklearn_fit_small,0.005092
medium,machine_learning,completed,"{""dataset_size_signal_used"":false,""detected_terms"":[],""hint_count"":0,""raw_context_available"":false,""raw_context_stored"":false}",1000,500,,0.2,local-benchmark-orbstack-no-metrics,,False,,0,Completed,"[""medium"",""large""]",moderate_cpu_training,"[""medium""]",fea62042374075e0abc724d2dfcd7752cb3bf865,Fit a small scikit-learn classifier on a toy generated dataset.,{},953,732,34.857143,intent_only,True,False,True,False,False,,21,,[],0,202607193103,acceptable,"[""training/modeling context detected: fit, scikit-learn""]",medium,2,python_resource_getrusage,0,20260719T140431Z-matrix-aed48949-intent_only-ml_sklearn_fit_small-r02,1.0.0,True,"[""experiments/raw/20260719T140431Z-matrix-aed48949/20260719T140431Z-matrix-aed48949-intent_only-ml_sklearn_fit_small-r02/ml_sklearn_fit_small/workload_stdout.jsonl"",""experiments/raw/20260719T140431Z-matrix-aed48949/20260719T140431Z-matrix-aed48949-intent_only-ml_sklearn_fit_small-r02/ml_sklearn_fit_small/workload_stderr.txt""]",0.004795,False,2026-07-19T14:04:37Z,ml_sklearn_fit_small,0.004795
medium,machine_learning,completed,"{""dataset_size_signal_used"":false,""detected_terms"":[],""hint_count"":0,""raw_context_available"":false,""raw_context_stored"":false}",1000,500,,0.2,local-benchmark-orbstack-no-metrics,,False,,0,Completed,"[""medium"",""large""]",moderate_cpu_training,"[""medium""]",fea62042374075e0abc724d2dfcd7752cb3bf865,Fit a small scikit-learn classifier on a toy generated dataset.,{},953,732,36.6,intent_only,True,False,True,False,False,,20,,[],0,202607193104,acceptable,"[""training/modeling context detected: fit, scikit-learn""]",medium,3,python_resource_getrusage,0,20260719T140431Z-matrix-aed48949-intent_only-ml_sklearn_fit_small-r03,1.0.0,True,"[""experiments/raw/20260719T140431Z-matrix-aed48949/20260719T140431Z-matrix-aed48949-intent_only-ml_sklearn_fit_small-r03/ml_sklearn_fit_small/workload_stdout.jsonl"",""experiments/raw/20260719T140431Z-matrix-aed48949/20260719T140431Z-matrix-aed48949-intent_only-ml_sklearn_fit_small-r03/ml_sklearn_fit_small/workload_stderr.txt""]",0.004781,False,2026-07-19T14:04:38Z,ml_sklearn_fit_small,0.004781
medium,machine_learning,completed,"{""dataset_size_signal_used"":false,""detected_terms"":[],""hint_count"":0,""raw_context_available"":false,""raw_context_stored"":false}",1000,500,,0.2,local-benchmark-orbstack-no-metrics,,False,,0,Completed,"[""medium"",""large""]",moderate_cpu_training,"[""medium""]",fea62042374075e0abc724d2dfcd7752cb3bf865,Fit a small scikit-learn classifier on a toy generated dataset.,{},953,732,36.6,intent_only,True,False,True,False,False,,20,,[],0,202607193105,acceptable,"[""training/modeling context detected: fit, scikit-learn""]",medium,4,python_resource_getrusage,0,20260719T140431Z-matrix-aed48949-intent_only-ml_sklearn_fit_small-r04,1.0.0,True,"[""experiments/raw/20260719T140431Z-matrix-aed48949/20260719T140431Z-matrix-aed48949-intent_only-ml_sklearn_fit_small-r04/ml_sklearn_fit_small/workload_stdout.jsonl"",""experiments/raw/20260719T140431Z-matrix-aed48949/20260719T140431Z-matrix-aed48949-intent_only-ml_sklearn_fit_small-r04/ml_sklearn_fit_small/workload_stderr.txt""]",0.004879,False,2026-07-19T14:04:38Z,ml_sklearn_fit_small,0.004879
medium,machine_learning,completed,"{""dataset_size_signal_used"":true,""detected_terms"":[""train"",""fit"",""sklearn"",""model""],""hint_count"":2,""raw_context_available"":true,""raw_context_stored"":false}",1000,500,,0.2,local-benchmark-orbstack-no-metrics,,False,,0,Completed,"[""medium"",""large""]",moderate_cpu_training,"[""medium""]",fea62042374075e0abc724d2dfcd7752cb3bf865,Fit a small scikit-learn classifier on a toy generated dataset.,{},953,732,36.6,context_aware,True,False,True,False,False,,20,,[],0,202607193101,acceptable,"[""training/modeling context detected: fit, .fit(, sklearn, scikit-learn""]",medium,0,python_resource_getrusage,0,20260719T140431Z-matrix-aed48949-context_aware-ml_sklearn_fit_small-r00,1.0.0,True,"[""experiments/raw/20260719T140431Z-matrix-aed48949/20260719T140431Z-matrix-aed48949-context_aware-ml_sklearn_fit_small-r00/ml_sklearn_fit_small/workload_stdout.jsonl"",""experiments/raw/20260719T140431Z-matrix-aed48949/20260719T140431Z-matrix-aed48949-context_aware-ml_sklearn_fit_small-r00/ml_sklearn_fit_small/workload_stderr.txt""]",0.004816,False,2026-07-19T14:04:38Z,ml_sklearn_fit_small,0.004816
medium,machine_learning,completed,"{""dataset_size_signal_used"":true,""detected_terms"":[""train"",""fit"",""sklearn"",""model""],""hint_count"":2,""raw_context_available"":true,""raw_context_stored"":false}",1000,500,,0.2,local-benchmark-orbstack-no-metrics,,False,,0,Completed,"[""medium"",""large""]",moderate_cpu_training,"[""medium""]",fea62042374075e0abc724d2dfcd7752cb3bf865,Fit a small scikit-learn classifier on a toy generated dataset.,{},953,732,36.6,context_aware,True,False,True,False,False,,20,,[],0,202607193102,acceptable,"[""training/modeling context detected: fit, .fit(, sklearn, scikit-learn""]",medium,1,python_resource_getrusage,0,20260719T140431Z-matrix-aed48949-context_aware-ml_sklearn_fit_small-r01,1.0.0,True,"[""experiments/raw/20260719T140431Z-matrix-aed48949/20260719T140431Z-matrix-aed48949-context_aware-ml_sklearn_fit_small-r01/ml_sklearn_fit_small/workload_stdout.jsonl"",""experiments/raw/20260719T140431Z-matrix-aed48949/20260719T140431Z-matrix-aed48949-context_aware-ml_sklearn_fit_small-r01/ml_sklearn_fit_small/workload_stderr.txt""]",0.004939,False,2026-07-19T14:04:38Z,ml_sklearn_fit_small,0.004939
medium,machine_learning,completed,"{""dataset_size_signal_used"":true,""detected_terms"":[""train"",""fit"",""sklearn"",""model""],""hint_count"":2,""raw_context_available"":true,""raw_context_stored"":false}",1000,500,,0.2,local-benchmark-orbstack-no-metrics,,False,,0,Completed,"[""medium"",""large""]",moderate_cpu_training,"[""medium""]",fea62042374075e0abc724d2dfcd7752cb3bf865,Fit a small scikit-learn classifier on a toy generated dataset.,{},953,732,34.857143,context_aware,True,False,True,False,False,,21,,[],0,202607193103,acceptable,"[""training/modeling context detected: fit, .fit(, sklearn, scikit-learn""]",medium,2,python_resource_getrusage,0,20260719T140431Z-matrix-aed48949-context_aware-ml_sklearn_fit_small-r02,1.0.0,True,"[""experiments/raw/20260719T140431Z-matrix-aed48949/20260719T140431Z-matrix-aed48949-context_aware-ml_sklearn_fit_small-r02/ml_sklearn_fit_small/workload_stdout.jsonl"",""experiments/raw/20260719T140431Z-matrix-aed48949/20260719T140431Z-matrix-aed48949-context_aware-ml_sklearn_fit_small-r02/ml_sklearn_fit_small/workload_stderr.txt""]",0.00475,False,2026-07-19T14:04:38Z,ml_sklearn_fit_small,0.00475
medium,machine_learning,completed,"{""dataset_size_signal_used"":true,""detected_terms"":[""train"",""fit"",""sklearn"",""model""],""hint_count"":2,""raw_context_available"":true,""raw_context_stored"":false}",1000,500,,0.2,local-benchmark-orbstack-no-metrics,,False,,0,Completed,"[""medium"",""large""]",moderate_cpu_training,"[""medium""]",fea62042374075e0abc724d2dfcd7752cb3bf865,Fit a small scikit-learn classifier on a toy generated dataset.,{},953,732,34.857143,context_aware,True,False,True,False,False,,21,,[],0,202607193104,acceptable,"[""training/modeling context detected: fit, .fit(, sklearn, scikit-learn""]",medium,3,python_resource_getrusage,0,20260719T140431Z-matrix-aed48949-context_aware-ml_sklearn_fit_small-r03,1.0.0,True,"[""experiments/raw/20260719T140431Z-matrix-aed48949/20260719T140431Z-matrix-aed48949-context_aware-ml_sklearn_fit_small-r03/ml_sklearn_fit_small/workload_stdout.jsonl"",""experiments/raw/20260719T140431Z-matrix-aed48949/20260719T140431Z-matrix-aed48949-context_aware-ml_sklearn_fit_small-r03/ml_sklearn_fit_small/workload_stderr.txt""]",0.004762,False,2026-07-19T14:04:38Z,ml_sklearn_fit_small,0.004762
medium,machine_learning,completed,"{""dataset_size_signal_used"":true,""detected_terms"":[""train"",""fit"",""sklearn"",""model""],""hint_count"":2,""raw_context_available"":true,""raw_context_stored"":false}",1000,500,,0.2,local-benchmark-orbstack-no-metrics,,False,,0,Completed,"[""medium"",""large""]",moderate_cpu_training,"[""medium""]",fea62042374075e0abc724d2dfcd7752cb3bf865,Fit a small scikit-learn classifier on a toy generated dataset.,{},953,732,36.6,context_aware,True,False,True,False,False,,20,,[],0,202607193105,acceptable,"[""training/modeling context detected: fit, .fit(, sklearn, scikit-learn""]",medium,4,python_resource_getrusage,0,20260719T140431Z-matrix-aed48949-context_aware-ml_sklearn_fit_small-r04,1.0.0,True,"[""experiments/raw/20260719T140431Z-matrix-aed48949/20260719T140431Z-matrix-aed48949-context_aware-ml_sklearn_fit_small-r04/ml_sklearn_fit_small/workload_stdout.jsonl"",""experiments/raw/20260719T140431Z-matrix-aed48949/20260719T140431Z-matrix-aed48949-context_aware-ml_sklearn_fit_small-r04/ml_sklearn_fit_small/workload_stderr.txt""]",0.004817,False,2026-07-19T14:04:38Z,ml_sklearn_fit_small,0.004817
medium,policy,completed,"{""dataset_size_signal_used"":false,""detected_terms"":[],""hint_count"":0,""raw_context_available"":false,""raw_context_stored"":false}",1000,500,,0.03,local-benchmark-orbstack-no-metrics,,False,,0,Completed,"[""medium""]",policy_fallback,"[""gpu_or_large""]",fea62042374075e0abc724d2dfcd7752cb3bf865,Just checking a tiny example; please keep the session lightweight.,{},953,732,36.6,static_manual,True,False,True,False,False,,20,,[],0,202607196101,acceptable,"[""static/manual deterministic policy selected the smallest approved acceptable profile""]",,0,python_resource_getrusage,0,20260719T140431Z-matrix-aed48949-static_manual-policy_gpu_disallowed-r00,1.0.0,True,"[""experiments/raw/20260719T140431Z-matrix-aed48949/20260719T140431Z-matrix-aed48949-static_manual-policy_gpu_disallowed-r00/policy_gpu_disallowed/workload_stdout.jsonl"",""experiments/raw/20260719T140431Z-matrix-aed48949/20260719T140431Z-matrix-aed48949-static_manual-policy_gpu_disallowed-r00/policy_gpu_disallowed/workload_stderr.txt""]",5.1e-05,False,2026-07-19T14:05:24Z,policy_gpu_disallowed,5.1e-05
medium,policy,completed,"{""dataset_size_signal_used"":false,""detected_terms"":[],""hint_count"":0,""raw_context_available"":false,""raw_context_stored"":false}",1000,500,,0.03,local-benchmark-orbstack-no-metrics,,False,,0,Completed,"[""medium""]",policy_fallback,"[""gpu_or_large""]",fea62042374075e0abc724d2dfcd7752cb3bf865,Just checking a tiny example; please keep the session lightweight.,{},953,732,36.6,static_manual,True,False,True,False,False,,20,,[],0,202607196102,acceptable,"[""static/manual deterministic policy selected the smallest approved acceptable profile""]",,1,python_resource_getrusage,0,20260719T140431Z-matrix-aed48949-static_manual-policy_gpu_disallowed-r01,1.0.0,True,"[""experiments/raw/20260719T140431Z-matrix-aed48949/20260719T140431Z-matrix-aed48949-static_manual-policy_gpu_disallowed-r01/policy_gpu_disallowed/workload_stdout.jsonl"",""experiments/raw/20260719T140431Z-matrix-aed48949/20260719T140431Z-matrix-aed48949-static_manual-policy_gpu_disallowed-r01/policy_gpu_disallowed/workload_stderr.txt""]",4.9e-05,False,2026-07-19T14:05:24Z,policy_gpu_disallowed,4.9e-05
medium,policy,completed,"{""dataset_size_signal_used"":false,""detected_terms"":[],""hint_count"":0,""raw_context_available"":false,""raw_context_stored"":false}",1000,500,,0.03,local-benchmark-orbstack-no-metrics,,False,,0,Completed,"[""medium""]",policy_fallback,"[""gpu_or_large""]",fea62042374075e0abc724d2dfcd7752cb3bf865,Just checking a tiny example; please keep the session lightweight.,{},953,732,34.857143,static_manual,True,False,True,False,False,,21,,[],0,202607196103,acceptable,"[""static/manual deterministic policy selected the smallest approved acceptable profile""]",,2,python_resource_getrusage,0,20260719T140431Z-matrix-aed48949-static_manual-policy_gpu_disallowed-r02,1.0.0,True,"[""experiments/raw/20260719T140431Z-matrix-aed48949/20260719T140431Z-matrix-aed48949-static_manual-policy_gpu_disallowed-r02/policy_gpu_disallowed/workload_stdout.jsonl"",""experiments/raw/20260719T140431Z-matrix-aed48949/20260719T140431Z-matrix-aed48949-static_manual-policy_gpu_disallowed-r02/policy_gpu_disallowed/workload_stderr.txt""]",5.5e-05,False,2026-07-19T14:05:24Z,policy_gpu_disallowed,5.5e-05
medium,policy,completed,"{""dataset_size_signal_used"":false,""detected_terms"":[],""hint_count"":0,""raw_context_available"":false,""raw_context_stored"":false}",1000,500,,0.03,local-benchmark-orbstack-no-metrics,,False,,0,Completed,"[""medium""]",policy_fallback,"[""gpu_or_large""]",fea62042374075e0abc724d2dfcd7752cb3bf865,Just checking a tiny example; please keep the session lightweight.,{},953,732,36.6,static_manual,True,False,True,False,False,,20,,[],0,202607196104,acceptable,"[""static/manual deterministic policy selected the smallest approved acceptable profile""]",,3,python_resource_getrusage,0,20260719T140431Z-matrix-aed48949-static_manual-policy_gpu_disallowed-r03,1.0.0,True,"[""experiments/raw/20260719T140431Z-matrix-aed48949/20260719T140431Z-matrix-aed48949-static_manual-policy_gpu_disallowed-r03/policy_gpu_disallowed/workload_stdout.jsonl"",""experiments/raw/20260719T140431Z-matrix-aed48949/20260719T140431Z-matrix-aed48949-static_manual-policy_gpu_disallowed-r03/policy_gpu_disallowed/workload_stderr.txt""]",5.7e-05,False,2026-07-19T14:05:24Z,policy_gpu_disallowed,5.7e-05
medium,policy,completed,"{""dataset_size_signal_used"":false,""detected_terms"":[],""hint_count"":0,""raw_context_available"":false,""raw_context_stored"":false}",1000,500,,0.03,local-benchmark-orbstack-no-metrics,,False,,0,Completed,"[""medium""]",policy_fallback,"[""gpu_or_large""]",fea62042374075e0abc724d2dfcd7752cb3bf865,Just checking a tiny example; please keep the session lightweight.,{},953,732,36.6,static_manual,True,False,True,False,False,,20,,[],0,202607196105,acceptable,"[""static/manual deterministic policy selected the smallest approved acceptable profile""]",,4,python_resource_getrusage,0,20260719T140431Z-matrix-aed48949-static_manual-policy_gpu_disallowed-r04,1.0.0,True,"[""experiments/raw/20260719T140431Z-matrix-aed48949/20260719T140431Z-matrix-aed48949-static_manual-policy_gpu_disallowed-r04/policy_gpu_disallowed/workload_stdout.jsonl"",""experiments/raw/20260719T140431Z-matrix-aed48949/20260719T140431Z-matrix-aed48949-static_manual-policy_gpu_disallowed-r04/policy_gpu_disallowed/workload_stderr.txt""]",6e-05,False,2026-07-19T14:05:24Z,policy_gpu_disallowed,6e-05
small,policy,completed,"{""dataset_size_signal_used"":false,""detected_terms"":[],""hint_count"":0,""raw_context_available"":false,""raw_context_stored"":false}",500,100,,0.03,local-benchmark-orbstack-no-metrics,,False,,0,Completed,"[""medium""]",policy_fallback,"[""gpu_or_large""]",fea62042374075e0abc724d2dfcd7752cb3bf865,Just checking a tiny example; please keep the session lightweight.,{},366,244,11.619048,intent_only,True,False,True,False,False,,21,,[],-1,202607196101,under,"[""basic/light workload context""]",small,0,python_resource_getrusage,0,20260719T140431Z-matrix-aed48949-intent_only-policy_gpu_disallowed-r00,1.0.0,True,"[""experiments/raw/20260719T140431Z-matrix-aed48949/20260719T140431Z-matrix-aed48949-intent_only-policy_gpu_disallowed-r00/policy_gpu_disallowed/workload_stdout.jsonl"",""experiments/raw/20260719T140431Z-matrix-aed48949/20260719T140431Z-matrix-aed48949-intent_only-policy_gpu_disallowed-r00/policy_gpu_disallowed/workload_stderr.txt""]",5.8e-05,False,2026-07-19T14:05:24Z,policy_gpu_disallowed,5.8e-05
small,policy,completed,"{""dataset_size_signal_used"":false,""detected_terms"":[],""hint_count"":0,""raw_context_available"":false,""raw_context_stored"":false}",500,100,,0.03,local-benchmark-orbstack-no-metrics,,False,,0,Completed,"[""medium""]",policy_fallback,"[""gpu_or_large""]",fea62042374075e0abc724d2dfcd7752cb3bf865,Just checking a tiny example; please keep the session lightweight.,{},366,244,11.619048,intent_only,True,False,True,False,False,,21,,[],-1,202607196102,under,"[""basic/light workload context""]",small,1,python_resource_getrusage,0,20260719T140431Z-matrix-aed48949-intent_only-policy_gpu_disallowed-r01,1.0.0,True,"[""experiments/raw/20260719T140431Z-matrix-aed48949/20260719T140431Z-matrix-aed48949-intent_only-policy_gpu_disallowed-r01/policy_gpu_disallowed/workload_stdout.jsonl"",""experiments/raw/20260719T140431Z-matrix-aed48949/20260719T140431Z-matrix-aed48949-intent_only-policy_gpu_disallowed-r01/policy_gpu_disallowed/workload_stderr.txt""]",5e-05,False,2026-07-19T14:05:24Z,policy_gpu_disallowed,5e-05
small,policy,completed,"{""dataset_size_signal_used"":false,""detected_terms"":[],""hint_count"":0,""raw_context_available"":false,""raw_context_stored"":false}",500,100,,0.03,local-benchmark-orbstack-no-metrics,,False,,0,Completed,"[""medium""]",policy_fallback,"[""gpu_or_large""]",fea62042374075e0abc724d2dfcd7752cb3bf865,Just checking a tiny example; please keep the session lightweight.,{},366,244,12.2,intent_only,True,False,True,False,False,,20,,[],-1,202607196103,under,"[""basic/light workload context""]",small,2,python_resource_getrusage,0,20260719T140431Z-matrix-aed48949-intent_only-policy_gpu_disallowed-r02,1.0.0,True,"[""experiments/raw/20260719T140431Z-matrix-aed48949/20260719T140431Z-matrix-aed48949-intent_only-policy_gpu_disallowed-r02/policy_gpu_disallowed/workload_stdout.jsonl"",""experiments/raw/20260719T140431Z-matrix-aed48949/20260719T140431Z-matrix-aed48949-intent_only-policy_gpu_disallowed-r02/policy_gpu_disallowed/workload_stderr.txt""]",5.3e-05,False,2026-07-19T14:05:25Z,policy_gpu_disallowed,5.3e-05
small,policy,completed,"{""dataset_size_signal_used"":false,""detected_terms"":[],""hint_count"":0,""raw_context_available"":false,""raw_context_stored"":false}",500,100,,0.03,local-benchmark-orbstack-no-metrics,,False,,0,Completed,"[""medium""]",policy_fallback,"[""gpu_or_large""]",fea62042374075e0abc724d2dfcd7752cb3bf865,Just checking a tiny example; please keep the session lightweight.,{},366,244,12.2,intent_only,True,False,True,False,False,,20,,[],-1,202607196104,under,"[""basic/light workload context""]",small,3,python_resource_getrusage,0,20260719T140431Z-matrix-aed48949-intent_only-policy_gpu_disallowed-r03,1.0.0,True,"[""experiments/raw/20260719T140431Z-matrix-aed48949/20260719T140431Z-matrix-aed48949-intent_only-policy_gpu_disallowed-r03/policy_gpu_disallowed/workload_stdout.jsonl"",""experiments/raw/20260719T140431Z-matrix-aed48949/20260719T140431Z-matrix-aed48949-intent_only-policy_gpu_disallowed-r03/policy_gpu_disallowed/workload_stderr.txt""]",5.1e-05,False,2026-07-19T14:05:25Z,policy_gpu_disallowed,5.1e-05
small,policy,completed,"{""dataset_size_signal_used"":false,""detected_terms"":[],""hint_count"":0,""raw_context_available"":false,""raw_context_stored"":false}",500,100,,0.03,local-benchmark-orbstack-no-metrics,,False,,0,Completed,"[""medium""]",policy_fallback,"[""gpu_or_large""]",fea62042374075e0abc724d2dfcd7752cb3bf865,Just checking a tiny example; please keep the session lightweight.,{},366,244,12.2,intent_only,True,False,True,False,False,,20,,[],-1,202607196105,under,"[""basic/light workload context""]",small,4,python_resource_getrusage,0,20260719T140431Z-matrix-aed48949-intent_only-policy_gpu_disallowed-r04,1.0.0,True,"[""experiments/raw/20260719T140431Z-matrix-aed48949/20260719T140431Z-matrix-aed48949-intent_only-policy_gpu_disallowed-r04/policy_gpu_disallowed/workload_stdout.jsonl"",""experiments/raw/20260719T140431Z-matrix-aed48949/20260719T140431Z-matrix-aed48949-intent_only-policy_gpu_disallowed-r04/policy_gpu_disallowed/workload_stderr.txt""]",5.8e-05,False,2026-07-19T14:05:25Z,policy_gpu_disallowed,5.8e-05
medium,policy,completed,"{""dataset_size_signal_used"":true,""detected_terms"":[""train"",""fit"",""model"",""torch"",""cuda""],""hint_count"":3,""raw_context_available"":true,""raw_context_stored"":false}",1000,500,,0.03,local-benchmark-orbstack-no-metrics,,False,,0,Completed,"[""medium""]",policy_fallback,"[""gpu_or_large""]",fea62042374075e0abc724d2dfcd7752cb3bf865,Just checking a tiny example; please keep the session lightweight.,{},953,732,36.6,context_aware,True,False,True,False,False,,20,,"[""recommended profile gpu_or_large is disallowed by workload policy"",""applied profile changed from large to medium due to policy""]",0,202607196101,acceptable,"[""GPU/deep-learning context detected: torch, cuda"",""Demo environment has no real GPU, so this maps to Large resources.""]",gpu_or_large,0,python_resource_getrusage,0,20260719T140431Z-matrix-aed48949-context_aware-policy_gpu_disallowed-r00,1.0.0,True,"[""experiments/raw/20260719T140431Z-matrix-aed48949/20260719T140431Z-matrix-aed48949-context_aware-policy_gpu_disallowed-r00/policy_gpu_disallowed/workload_stdout.jsonl"",""experiments/raw/20260719T140431Z-matrix-aed48949/20260719T140431Z-matrix-aed48949-context_aware-policy_gpu_disallowed-r00/policy_gpu_disallowed/workload_stderr.txt""]",4.9e-05,False,2026-07-19T14:05:25Z,policy_gpu_disallowed,4.9e-05
medium,policy,completed,"{""dataset_size_signal_used"":true,""detected_terms"":[""train"",""fit"",""model"",""torch"",""cuda""],""hint_count"":3,""raw_context_available"":true,""raw_context_stored"":false}",1000,500,,0.03,local-benchmark-orbstack-no-metrics,,False,,0,Completed,"[""medium""]",policy_fallback,"[""gpu_or_large""]",fea62042374075e0abc724d2dfcd7752cb3bf865,Just checking a tiny example; please keep the session lightweight.,{},953,732,36.6,context_aware,True,False,True,False,False,,20,,"[""recommended profile gpu_or_large is disallowed by workload policy"",""applied profile changed from large to medium due to policy""]",0,202607196102,acceptable,"[""GPU/deep-learning context detected: torch, cuda"",""Demo environment has no real GPU, so this maps to Large resources.""]",gpu_or_large,1,python_resource_getrusage,0,20260719T140431Z-matrix-aed48949-context_aware-policy_gpu_disallowed-r01,1.0.0,True,"[""experiments/raw/20260719T140431Z-matrix-aed48949/20260719T140431Z-matrix-aed48949-context_aware-policy_gpu_disallowed-r01/policy_gpu_disallowed/workload_stdout.jsonl"",""experiments/raw/20260719T140431Z-matrix-aed48949/20260719T140431Z-matrix-aed48949-context_aware-policy_gpu_disallowed-r01/policy_gpu_disallowed/workload_stderr.txt""]",5.4e-05,False,2026-07-19T14:05:25Z,policy_gpu_disallowed,5.4e-05
medium,policy,completed,"{""dataset_size_signal_used"":true,""detected_terms"":[""train"",""fit"",""model"",""torch"",""cuda""],""hint_count"":3,""raw_context_available"":true,""raw_context_stored"":false}",1000,500,,0.03,local-benchmark-orbstack-no-metrics,,False,,0,Completed,"[""medium""]",policy_fallback,"[""gpu_or_large""]",fea62042374075e0abc724d2dfcd7752cb3bf865,Just checking a tiny example; please keep the session lightweight.,{},953,732,36.6,context_aware,True,False,True,False,False,,20,,"[""recommended profile gpu_or_large is disallowed by workload policy"",""applied profile changed from large to medium due to policy""]",0,202607196103,acceptable,"[""GPU/deep-learning context detected: torch, cuda"",""Demo environment has no real GPU, so this maps to Large resources.""]",gpu_or_large,2,python_resource_getrusage,0,20260719T140431Z-matrix-aed48949-context_aware-policy_gpu_disallowed-r02,1.0.0,True,"[""experiments/raw/20260719T140431Z-matrix-aed48949/20260719T140431Z-matrix-aed48949-context_aware-policy_gpu_disallowed-r02/policy_gpu_disallowed/workload_stdout.jsonl"",""experiments/raw/20260719T140431Z-matrix-aed48949/20260719T140431Z-matrix-aed48949-context_aware-policy_gpu_disallowed-r02/policy_gpu_disallowed/workload_stderr.txt""]",5.4e-05,False,2026-07-19T14:05:25Z,policy_gpu_disallowed,5.4e-05
medium,policy,completed,"{""dataset_size_signal_used"":true,""detected_terms"":[""train"",""fit"",""model"",""torch"",""cuda""],""hint_count"":3,""raw_context_available"":true,""raw_context_stored"":false}",1000,500,,0.03,local-benchmark-orbstack-no-metrics,,False,,0,Completed,"[""medium""]",policy_fallback,"[""gpu_or_large""]",fea62042374075e0abc724d2dfcd7752cb3bf865,Just checking a tiny example; please keep the session lightweight.,{},953,732,36.6,context_aware,True,False,True,False,False,,20,,"[""recommended profile gpu_or_large is disallowed by workload policy"",""applied profile changed from large to medium due to policy""]",0,202607196104,acceptable,"[""GPU/deep-learning context detected: torch, cuda"",""Demo environment has no real GPU, so this maps to Large resources.""]",gpu_or_large,3,python_resource_getrusage,0,20260719T140431Z-matrix-aed48949-context_aware-policy_gpu_disallowed-r03,1.0.0,True,"[""experiments/raw/20260719T140431Z-matrix-aed48949/20260719T140431Z-matrix-aed48949-context_aware-policy_gpu_disallowed-r03/policy_gpu_disallowed/workload_stdout.jsonl"",""experiments/raw/20260719T140431Z-matrix-aed48949/20260719T140431Z-matrix-aed48949-context_aware-policy_gpu_disallowed-r03/policy_gpu_disallowed/workload_stderr.txt""]",5.3e-05,False,2026-07-19T14:05:25Z,policy_gpu_disallowed,5.3e-05
medium,policy,completed,"{""dataset_size_signal_used"":true,""detected_terms"":[""train"",""fit"",""model"",""torch"",""cuda""],""hint_count"":3,""raw_context_available"":true,""raw_context_stored"":false}",1000,500,,0.03,local-benchmark-orbstack-no-metrics,,False,,0,Completed,"[""medium""]",policy_fallback,"[""gpu_or_large""]",fea62042374075e0abc724d2dfcd7752cb3bf865,Just checking a tiny example; please keep the session lightweight.,{},953,732,34.857143,context_aware,True,False,True,False,False,,21,,"[""recommended profile gpu_or_large is disallowed by workload policy"",""applied profile changed from large to medium due to policy""]",0,202607196105,acceptable,"[""GPU/deep-learning context detected: torch, cuda"",""Demo environment has no real GPU, so this maps to Large resources.""]",gpu_or_large,4,python_resource_getrusage,0,20260719T140431Z-matrix-aed48949-context_aware-policy_gpu_disallowed-r04,1.0.0,True,"[""experiments/raw/20260719T140431Z-matrix-aed48949/20260719T140431Z-matrix-aed48949-context_aware-policy_gpu_disallowed-r04/policy_gpu_disallowed/workload_stdout.jsonl"",""experiments/raw/20260719T140431Z-matrix-aed48949/20260719T140431Z-matrix-aed48949-context_aware-policy_gpu_disallowed-r04/policy_gpu_disallowed/workload_stderr.txt""]",5.7e-05,False,2026-07-19T14:05:25Z,policy_gpu_disallowed,5.7e-05
